id,name,symbol,slug,num_market_pairs,date_added,max_supply,circulating_supply,total_supply,platform,cmc_rank,last_updated
1027,Ethereum,ETH,ethereum,4522,2015-08-07T00:00:00.000Z,,118335585.124,118335585.124,,2,2021-11-14T08:47:02.000Z
1839,Binance Coin,BNB,binance-coin,553,2017-07-25T00:00:00.000Z,166801148,166801148,166801148,,3,2021-11-14T08:47:08.000Z
825,Tether,USDT,tether,19181,2015-02-25T00:00:00.000Z,,73859886038.52132,76357051672.20364,"{'id': 1027, 'name': 'Ethereum', 'symbol': 'ETH', 'slug': 'ethereum', 'token_address': '0xdac17f958d2ee523a2206206994597c13d831ec7'}",4,2021-11-14T08:46:09.000Z
5426,Solana,SOL,solana,181,2020-04-10T00:00:00.000Z,,303212632.2440539,508992882.491593,,5,2021-11-14T08:47:05.000Z
2010,Cardano,ADA,cardano,303,2017-10-01T00:00:00.000Z,45000000000,33298775297.648,33719282563.077,,6,2021-11-14T08:46:10.000Z
52,XRP,XRP,xrp,628,2013-08-04T00:00:00.000Z,100000000000,47158974920,99990145360,,7,2021-11-14T08:47:03.000Z
6636,Polkadot,DOT,polkadot-new,252,2020-08-19T00:00:00.000Z,,987579314.957085,1103303471.382273,,8,2021-11-14T08:47:06.000Z
74,Dogecoin,DOGE,dogecoin,408,2013-12-15T00:00:00.000Z,,132113581229.33951,132113581229.33951,,9,2021-11-14T08:47:03.000Z
3408,USD Coin,USDC,usd-coin,1537,2018-10-08T00:00:00.000Z,,34424351583.84238,34424351583.84238,"{'id': 1027, 'name': 'Ethereum', 'symbol': 'ETH', 'slug': 'ethereum', 'token_address': '0xa0b86991c6218b36c1d19d4a2e9eb0ce3606eb48'}",10,2021-11-14T08:47:05.000Z
5994,SHIBA INU,SHIB,shiba-inu,158,2020-08-01T00:00:00.000Z,,549095509738353,589738956207003.8,"{'id': 1027, 'name': 'Ethereum', 'symbol': 'ETH', 'slug': 'ethereum', 'token_address': '0x95ad61b0a150d79219dcf64e1e6cc01f0b64c4ce'}",11,2021-11-14T08:46:10.000Z
4172,Terra,LUNA,terra-luna,102,2019-07-26T00:00:00.000Z,,454339437.6669358,931574045.229598,,12,2021-11-14T08:47:03.000Z
5805,Avalanche,AVAX,avalanche,111,2020-07-13T00:00:00.000Z,720000000,220286577.20755112,391128418.8675511,,13,2021-11-14T08:47:07.000Z
2,Litecoin,LTC,litecoin,679,2013-04-28T00:00:00.000Z,84000000,68970557.593416,84000000,,14,2021-11-14T08:47:02.000Z
1975,Chainlink,LINK,chainlink,474,2017-09-20T00:00:00.000Z,1000000000,465509553.9174637,1000000000,"{'id': 1027, 'name': 'Ethereum', 'symbol': 'ETH', 'slug': 'ethereum', 'token_address': '0x514910771af9ca656af840dff83e8264ecf986ca'}",15,2021-11-14T08:46:10.000Z
3717,Wrapped Bitcoin,WBTC,wrapped-bitcoin,171,2019-01-30T00:00:00.000Z,,239132.08155071,239132.08155071,"{'id': 1027, 'name': 'Ethereum', 'symbol': 'ETH', 'slug': 'ethereum', 'token_address': '0x2260fac5e5542a773aa44fbcfedf7c193bc2c599'}",16,2021-11-14T08:47:07.000Z
7083,Uniswap,UNI,uniswap,284,2020-09-17T00:00:00.000Z,1000000000,627596088.553873,1000000000,"{'id': 1027, 'name': 'Ethereum', 'symbol': 'ETH', 'slug': 'ethereum', 'token_address': '0x1f9840a85d5af5bf1d1762f925bdaddc4201f984'}",17,2021-11-14T08:46:10.000Z
4687,Binance USD,BUSD,binance-usd,1532,2019-09-20T00:00:00.000Z,,13541249919.7,13541249919.7,"{'id': 1839, 'name': 'Binance Chain (BEP2)', 'symbol': 'BNB', 'slug': 'binance-coin', 'token_address': 'BUSD-BD1'}",18,2021-11-14T08:47:07.000Z
1831,Bitcoin Cash,BCH,bitcoin-cash,525,2017-07-23T00:00:00.000Z,21000000,18900131.25,18900131.25,,19,2021-11-14T08:46:09.000Z
4030,Algorand,ALGO,algorand,157,2019-06-20T00:00:00.000Z,10000000000,6248821589.514827,6710401320.824432,,20,2021-11-14T08:46:11.000Z
3890,Polygon,MATIC,polygon,255,2019-04-28T00:00:00.000Z,10000000000,6902890164.27,10000000000,,21,2021-11-14T08:46:08.000Z
3077,VeChain,VET,vechain,149,2017-08-22T00:00:00.000Z,86712634466,64315576989,86712634466,,22,2021-11-14T08:47:02.000Z
3635,Crypto.com Coin,CRO,crypto-com-coin,108,2018-12-14T00:00:00.000Z,30263013692,25263013692,30263013692,"{'id': 1027, 'name': 'Ethereum', 'symbol': 'ETH', 'slug': 'ethereum', 'token_address': '0xa0b73e1ff0b80914ab6fe0444e65848c4c34450b'}",23,2021-11-14T08:47:06.000Z
6783,Axie Infinity,AXS,axie-infinity,132,2020-08-31T00:00:00.000Z,270000000,60907500,270000000,"{'id': 1027, 'name': 'Ethereum', 'symbol': 'ETH', 'slug': 'ethereum', 'token_address': '0xbb0e17ef65f82ab018d8edd776e8dd940327b28b'}",25,2021-11-14T08:47:07.000Z
8916,Internet Computer,ICP,internet-computer,80,2021-03-23T00:00:00.000Z,,182112478.45,474655608.5967533,,26,2021-11-14T08:47:08.000Z
1958,TRON,TRX,tron,486,2017-09-13T00:00:00.000Z,,71659657369.49,100850743811.662,,27,2021-11-14T08:46:09.000Z
2280,Filecoin,FIL,filecoin,150,2017-12-13T00:00:00.000Z,,123045141,123045141,,28,2021-11-14T08:47:04.000Z
1321,Ethereum Classic,ETC,ethereum-classic,257,2016-07-24T00:00:00.000Z,210700000,130979049.86693981,210700000,,29,2021-11-14T08:47:04.000Z
3794,Cosmos,ATOM,cosmos,188,2019-03-14T00:00:00.000Z,,224532559.417821,282317162.417821,,30,2021-11-14T08:47:08.000Z
2416,THETA,THETA,theta,80,2018-01-17T00:00:00.000Z,1000000000,1000000000,1000000000,,31,2021-11-14T08:47:06.000Z
4023,Bitcoin BEP2,BTCB,bitcoin-bep2,54,2019-06-18T00:00:00.000Z,,105109.86942151,112501,"{'id': 1839, 'name': 'Binance Chain (BEP2)', 'symbol': 'BNB', 'slug': 'binance-coin', 'token_address': 'BTCB-1DE'}",32,2021-11-14T08:46:10.000Z
4195,FTX Token,FTT,ftx-token,86,2019-07-31T00:00:00.000Z,352170015,120014732.21874374,335885068.2859715,"{'id': 1839, 'name': 'Binance Chain (BEP2)', 'symbol': 'BNB', 'slug': 'binance-coin', 'token_address': 'FTT-F11'}",33,2021-11-14T08:47:03.000Z
3513,Fantom,FTM,fantom,116,2018-10-29T00:00:00.000Z,3175000000,2545006273,2545006273,,34,2021-11-14T08:47:05.000Z
4943,Dai,DAI,multi-collateral-dai,421,2019-11-22T00:00:00.000Z,,6474951713.635377,6474952202.474523,"{'id': 1027, 'name': 'Ethereum', 'symbol': 'ETH', 'slug': 'ethereum', 'token_address': '0x6b175474e89094c44da98b954eedeac495271d0f'}",35,2021-11-14T08:46:09.000Z
4642,Hedera,HBAR,hedera,70,2019-09-17T00:00:00.000Z,50000000000,15018941582.14876,50000000000,,36,2021-11-14T08:47:07.000Z
6892,Elrond,EGLD,elrond-egld,57,2020-09-04T00:00:00.000Z,31415926,19731123.78909813,22722248,,37,2021-11-14T08:46:09.000Z
6535,NEAR Protocol,NEAR,near-protocol,70,2020-08-11T00:00:00.000Z,1000000000,546225896,1000000000,,38,2021-11-14T08:47:05.000Z
1966,Decentraland,MANA,decentraland,188,2017-09-17T00:00:00.000Z,,1816923291.4950888,2194003527.320146,"{'id': 1027, 'name': 'Ethereum', 'symbol': 'ETH', 'slug': 'ethereum', 'token_address': '0x0f5d2fb29fb7d3cfee444a200298f468908cc942'}",39,2021-11-14T08:46:09.000Z
5665,Helium,HNT,helium,31,2020-06-05T00:00:00.000Z,223000000,102017612.09831984,223000000,,40,2021-11-14T08:47:07.000Z
2011,Tezos,XTZ,tezos,175,2017-10-06T00:00:00.000Z,,866856610.884094,895813549.589565,,41,2021-11-14T08:46:10.000Z
6719,The Graph,GRT,the-graph,136,2020-12-17T00:00:00.000Z,10057044431,4715735200,10000000000,"{'id': 1027, 'name': 'Ethereum', 'symbol': 'ETH', 'slug': 'ethereum', 'token_address': '0xc944e90c64b2c07662a292be6244bdf05cda44a7'}",42,2021-11-14T08:47:07.000Z
328,Monero,XMR,monero,148,2014-05-21T00:00:00.000Z,,18014103.58442386,18014103.58442386,,43,2021-11-14T08:47:05.000Z
1765,EOS,EOS,eos,383,2017-07-01T00:00:00.000Z,,971252774.096,1039253185.9763,,44,2021-11-14T08:47:08.000Z
7129,TerraUSD,UST,terrausd,108,2020-09-21T00:00:00.000Z,,4697642424.27907,4697642193.601515,,45,2021-11-14T08:46:09.000Z
7186,PancakeSwap,CAKE,pancakeswap,136,2020-09-25T00:00:00.000Z,,242182934.44800138,242182934.44800138,"{'id': 1839, 'name': 'Binance Smart Chain (BEP20)', 'symbol': 'BNB', 'slug': 'binance-coin', 'token_address': '0x0e09fabb73bd3ade0a17ecc321fd13a19e81ce82'}",46,2021-11-14T08:47:02.000Z
1934,Loopring,LRC,loopring,135,2017-08-30T00:00:00.000Z,1374513896,1328247994.5767503,1373873440.4424574,"{'id': 1027, 'name': 'Ethereum', 'symbol': 'ETH', 'slug': 'ethereum', 'token_address': '0xbbbbca6a901c926f240b89eacb641d8aec7aeafd'}",47,2021-11-14T08:46:10.000Z
7278,Aave,AAVE,aave,245,2020-10-02T00:00:00.000Z,16000000,13243463.31760031,16000000,"{'id': 1027, 'name': 'Ethereum', 'symbol': 'ETH', 'slug': 'ethereum', 'token_address': '0x7Fc66500c84A76Ad7e9c93437bFc5Ac33E2DDaE9'}",48,2021-11-14T08:47:03.000Z
4558,Flow,FLOW,flow,47,2021-01-27T00:00:00.000Z,,310613212,1378211739,,49,2021-11-14T08:47:06.000Z
4256,Klaytn,KLAY,klaytn,64,2020-03-30T00:00:00.000Z,,2522425559.8,10720872227.2,,50,2021-11-14T08:47:04.000Z
10791,eCash,XEC,ecash,39,2021-07-08T00:00:00.000Z,21000000000000,18896698423313,18896698423313,,51,2021-11-14T08:47:07.000Z
5647,Kadena,KDA,kadena,12,2020-05-31T00:00:00.000Z,1000000000,157336575.7729,1000000000,,52,2021-11-14T08:47:07.000Z
5034,Kusama,KSM,kusama,105,2019-12-12T00:00:00.000Z,,8470098.05726206,9651217.45126206,,53,2021-11-14T08:46:10.000Z
1720,IOTA,MIOTA,iota,61,2017-06-13T00:00:00.000Z,2779530283,2779530283,2779530283,,54,2021-11-14T08:47:08.000Z
1376,Neo,NEO,neo,227,2016-09-08T00:00:00.000Z,100000000,70538831,100000000,,55,2021-11-14T08:47:05.000Z
4157,THORChain,RUNE,thorchain,59,2019-07-23T00:00:00.000Z,500000000,258210215.1421133,461668422.2248116,"{'id': 1839, 'name': 'Binance Chain (BEP2)', 'symbol': 'BNB', 'slug': 'binance-coin', 'token_address': 'RUNE-B1A'}",56,2021-11-14T08:47:03.000Z
3602,Bitcoin SV,BSV,bitcoin-sv,155,2018-11-09T00:00:00.000Z,21000000,18896457.89423905,18896457.89423905,,57,2021-11-14T08:47:06.000Z
4066,Chiliz,CHZ,chiliz,189,2019-07-01T00:00:00.000Z,8888888888,5941088088.530758,8888888888,"{'id': 1027, 'name': 'Ethereum', 'symbol': 'ETH', 'slug': 'ethereum', 'token_address': '0x3506424f91fd33084466f402d5d97f05f8e3b4af'}",58,2021-11-14T08:46:10.000Z
3155,Quant,QNT,quant,48,2018-08-10T00:00:00.000Z,14612493,12072738,14612493.080826,"{'id': 1027, 'name': 'Ethereum', 'symbol': 'ETH', 'slug': 'ethereum', 'token_address': '0x4a220e6096b25eadb88358cb44068a3248254675'}",59,2021-11-14T08:47:03.000Z
1518,Maker,MKR,maker,200,2017-01-29T00:00:00.000Z,1005577,991328.38195493,991328.38195493,"{'id': 1027, 'name': 'Ethereum', 'symbol': 'ETH', 'slug': 'ethereum', 'token_address': '0x9f8f72aa9304c8b593d555f12ef6589cc3a579a2'}",60,2021-11-14T08:47:07.000Z
3945,Harmony,ONE,harmony,57,2019-06-01T00:00:00.000Z,,10793514678.100662,13244161678.10068,,61,2021-11-14T08:46:10.000Z
4847,Stacks,STX,stacks,36,2019-10-28T00:00:00.000Z,1818000000,1284408914.627221,1352464600,,62,2021-11-14T08:46:08.000Z
3957,UNUS SED LEO,LEO,unus-sed-leo,16,2019-05-21T00:00:00.000Z,,953954130,985239504,"{'id': 1027, 'name': 'Ethereum', 'symbol': 'ETH', 'slug': 'ethereum', 'token_address': '0x2af5d2ad76741191d15dfe7bf6ac92d4bd912ca3'}",63,2021-11-14T08:46:09.000Z
1437,Zcash,ZEC,zcash,223,2016-10-29T00:00:00.000Z,21000000,13083325,13083325,,64,2021-11-14T08:47:05.000Z
6210,The Sandbox,SAND,the-sandbox,125,2020-08-05T00:00:00.000Z,3000000000,892246119.2233225,3000000000,"{'id': 1027, 'name': 'Ethereum', 'symbol': 'ETH', 'slug': 'ethereum', 'token_address': '0x3845badAde8e6dFF049820680d1F14bD3903a5d0'}",65,2021-11-14T08:47:03.000Z
2130,Enjin Coin,ENJ,enjin-coin,184,2017-11-01T00:00:00.000Z,1000000000,834340659.567558,1000000000,"{'id': 1027, 'name': 'Ethereum', 'symbol': 'ETH', 'slug': 'ethereum', 'token_address': '0xf629cbd94d3791c9250152bd8dfbdf380e2a3b9c'}",66,2021-11-14T08:47:03.000Z
1274,Waves,WAVES,waves,148,2016-06-02T00:00:00.000Z,,106692658,106692658,,67,2021-11-14T08:47:04.000Z
3718,BitTorrent,BTT,bittorrent,150,2019-01-31T00:00:00.000Z,,659952625000,990000000000,"{'id': 1958, 'name': 'Tron10', 'symbol': 'TRX', 'slug': 'tron', 'token_address': '1002000'}",68,2021-11-14T08:47:07.000Z
6945,Amp,AMP,amp,32,2020-09-08T00:00:00.000Z,92547638199,42227702186,99213408535,"{'id': 1027, 'name': 'Ethereum', 'symbol': 'ETH', 'slug': 'ethereum', 'token_address': '0xff20817765cb7f73d4bde2e66e067e58d11095c2'}",69,2021-11-14T08:46:09.000Z
5632,Arweave,AR,arweave,37,2020-05-27T00:00:00.000Z,66000000,33394701,63190435,,70,2021-11-14T08:47:07.000Z
131,Dash,DASH,dash,310,2014-02-14T00:00:00.000Z,18900000,10429131.48167481,10429131.48167481,,71,2021-11-14T08:47:03.000Z
2682,Holo,HOT,holo,85,2018-04-29T00:00:00.000Z,,172895870443.36282,177619433541.14133,"{'id': 1027, 'name': 'Ethereum', 'symbol': 'ETH', 'slug': 'ethereum', 'token_address': '0x6c6ee5e31d828de241282b9606c8e98ea48526e2'}",72,2021-11-14T08:47:08.000Z
2777,IoTeX,IOTX,iotex,52,2018-05-25T00:00:00.000Z,10000000000,9540779324.30788,9626124332.32,,73,2021-11-14T08:47:08.000Z
5692,Compound,COMP,compound,214,2020-06-16T00:00:00.000Z,10000000,6018895.25927744,10000000,"{'id': 1027, 'name': 'Ethereum', 'symbol': 'ETH', 'slug': 'ethereum', 'token_address': '0xc00e94cb662c3520282e6f5717214004a7f26888'}",74,2021-11-14T08:47:07.000Z
5567,Celo,CELO,celo,50,2020-05-22T00:00:00.000Z,1000000000,347297758,1000000000,,75,2021-11-14T08:47:06.000Z
2087,KuCoin Token,KCS,kucoin-token,33,2017-10-24T00:00:00.000Z,170118638,80118638,170118638,"{'id': 1027, 'name': 'Ethereum', 'symbol': 'ETH', 'slug': 'ethereum', 'token_address': '0xf34960d9d60be18cc1d5afc1a6f012a723a28811'}",76,2021-11-14T08:47:03.000Z
2694,Nexo,NEXO,nexo,45,2018-05-01T00:00:00.000Z,1000000000,560000011,1000000000,"{'id': 1839, 'name': 'Binance Chain (BEP2)', 'symbol': 'BNB', 'slug': 'binance-coin', 'token_address': 'NEXO-A84'}",77,2021-11-14T08:47:07.000Z
3822,Theta Fuel,TFUEL,theta-fuel,24,2019-03-28T00:00:00.000Z,,5301214400,5301214400,,78,2021-11-14T08:46:09.000Z
1697,Basic Attention Token,BAT,basic-attention-token,249,2017-06-01T00:00:00.000Z,1500000000,1492278662.4473505,1500000000,"{'id': 1027, 'name': 'Ethereum', 'symbol': 'ETH', 'slug': 'ethereum', 'token_address': '0x0d8775f648430679a709e98d2b0cb6250d2887ef'}",79,2021-11-14T08:47:07.000Z
873,NEM,XEM,nem,112,2015-04-01T00:00:00.000Z,8999999999,8999999999,8999999999,,80,2021-11-14T08:46:09.000Z
6538,Curve DAO Token,CRV,curve-dao-token,170,2020-08-14T00:00:00.000Z,3303030299,413487283.14591277,1618756965.7925403,"{'id': 1027, 'name': 'Ethereum', 'symbol': 'ETH', 'slug': 'ethereum', 'token_address': '0xD533a949740bb3306d119CC777fa900bA034cd52'}",81,2021-11-14T08:47:06.000Z
1808,OMG Network,OMG,omg,246,2017-07-14T00:00:00.000Z,140245399,140245398.24513277,140245398.24513277,,82,2021-11-14T08:47:08.000Z
1684,Qtum,QTUM,qtum,178,2017-05-24T00:00:00.000Z,107822406,98861006.7260568,103894810,,83,2021-11-14T08:47:07.000Z
2099,ICON,ICX,icon,70,2017-10-27T00:00:00.000Z,,674471224.8517952,800460000,,84,2021-11-14T08:47:03.000Z
3897,OKB,OKB,okb,52,2019-04-30T00:00:00.000Z,,60000000,300000000,"{'id': 1027, 'name': 'Ethereum', 'symbol': 'ETH', 'slug': 'ethereum', 'token_address': '0x75231f58b43240c9718dd58b4967c5114342a86c'}",85,2021-11-14T08:46:09.000Z
2502,Huobi Token,HT,huobi-token,95,2018-02-03T00:00:00.000Z,500000000,161829295.25441208,500000000,"{'id': 1027, 'name': 'Ethereum', 'symbol': 'ETH', 'slug': 'ethereum', 'token_address': '0x6f259637dcd74c767781e37bc6133cd6a68aa161'}",86,2021-11-14T08:47:06.000Z
1168,Decred,DCR,decred,53,2016-02-10T00:00:00.000Z,21000000,13495500.04164158,13495500.04164158,,87,2021-11-14T08:47:04.000Z
8646,Mina,MINA,mina,42,2021-03-02T00:00:00.000Z,,292743130.84003925,824104972,,88,2021-11-14T08:47:06.000Z
6758,SushiSwap,SUSHI,sushiswap,233,2020-08-28T00:00:00.000Z,250000000,127244443,237182130.00319406,"{'id': 1027, 'name': 'Ethereum', 'symbol': 'ETH', 'slug': 'ethereum', 'token_address': '0x6b3595068778dd592e39a122f4f5a5cf09c90fe2'}",89,2021-11-14T08:47:07.000Z
3640,Livepeer,LPT,livepeer,45,2018-12-19T00:00:00.000Z,22906951,21164655.33252989,22859012.33252989,,90,2021-11-14T08:47:07.000Z
2577,Ravencoin,RVN,ravencoin,87,2018-03-10T00:00:00.000Z,21000000000,10083210000,10083210000,,91,2021-11-14T08:47:06.000Z
2135,Revain,REV,revain,16,2017-11-01T00:00:00.000Z,,85061485689.83401,85061485689.83401,"{'id': 1027, 'name': 'Ethereum', 'symbol': 'ETH', 'slug': 'ethereum', 'token_address': '0x2ef52Ed7De8c5ce03a4eF0efbe9B7450F2D7Edc9'}",92,2021-11-14T08:47:03.000Z
7455,Audius,AUDIO,audius,54,2020-10-20T00:00:00.000Z,,504078968,1061025641,"{'id': 1027, 'name': 'Ethereum', 'symbol': 'ETH', 'slug': 'ethereum', 'token_address': '0x18aaa7115705e8be94bffebde57af9bfc265b998'}",93,2021-11-14T08:47:05.000Z
2563,TrueUSD,TUSD,trueusd,181,2018-03-06T00:00:00.000Z,,1220158836.687916,1220158836.687916,"{'id': 1839, 'name': 'Binance Chain (BEP2)', 'symbol': 'BNB', 'slug': 'binance-coin', 'token_address': 'TUSDB-888'}",94,2021-11-14T08:47:06.000Z
2469,Zilliqa,ZIL,zilliqa,144,2018-01-25T00:00:00.000Z,21000000000,11998077718.999252,15289544871.999252,,95,2021-11-14T08:47:06.000Z
5864,yearn.finance,YFI,yearn-finance,210,2020-07-18T00:00:00.000Z,36666,36637.72122588,36666,"{'id': 1027, 'name': 'Ethereum', 'symbol': 'ETH', 'slug': 'ethereum', 'token_address': '0x0bc529c00c6401aef6d220be8c6ea1667f6ad93e'}",96,2021-11-14T08:47:08.000Z
6950,Perpetual Protocol,PERP,perpetual-protocol,59,2020-09-08T00:00:00.000Z,,68700000,150000000,"{'id': 1027, 'name': 'Ethereum', 'symbol': 'ETH', 'slug': 'ethereum', 'token_address': '0xbc396689893d065f41bc2c6ecbee5e0085233447'}",97,2021-11-14T08:46:09.000Z
5604,Secret,SCRT,secret,14,2020-05-19T00:00:00.000Z,,149815729,190165060,,98,2021-11-14T08:47:06.000Z
2083,Bitcoin Gold,BTG,bitcoin-gold,62,2017-10-23T00:00:00.000Z,21000000,17513923.589,17513923.589,,99,2021-11-14T08:47:03.000Z
2634,XDC Network,XDC,xinfin,34,2018-04-12T00:00:00.000Z,,12305012698.75,37705012698.75,,100,2021-11-14T08:47:07.000Z
2586,Synthetix,SNX,synthetix-network-token,180,2018-03-14T00:00:00.000Z,212424133,114841533.01197928,215258834.2449152,"{'id': 1027, 'name': 'Ethereum', 'symbol': 'ETH', 'slug': 'ethereum', 'token_address': '0xc011a73ee8576fb46f5e1c5751ca3b9fe0af2a6f'}",101,2021-11-14T08:47:06.000Z
2700,Celsius,CEL,celsius,42,2018-05-18T00:00:00.000Z,695658160,238863519.826,695658160,"{'id': 1027, 'name': 'Ethereum', 'symbol': 'ETH', 'slug': 'ethereum', 'token_address': '0xaaaebe6fe48e54f431b0c390cfaf0b017d09d42d'}",102,2021-11-14T08:47:07.000Z
1698,Horizen,ZEN,horizen,74,2017-06-01T00:00:00.000Z,21000000,11736093.75,11736093.75,,103,2021-11-14T08:47:08.000Z
2300,WAX,WAXP,wax,31,2017-12-21T00:00:00.000Z,,1836301048.8251436,3808033663.3458314,,104,2021-11-14T08:47:04.000Z
2394,Telcoin,TEL,telcoin,23,2018-01-14T00:00:00.000Z,100000000000,55027110195.29,100000000000,"{'id': 1027, 'name': 'Ethereum', 'symbol': 'ETH', 'slug': 'ethereum', 'token_address': '0x467bccd9d29f223bce8043b84e8c8b282827790f'}",105,2021-11-14T08:47:05.000Z
5777,renBTC,RENBTC,renbtc,16,2020-06-28T00:00:00.000Z,13698,16825.9207088,16825.9207088,"{'id': 1027, 'name': 'Ethereum', 'symbol': 'ETH', 'slug': 'ethereum', 'token_address': '0xeb4c2781e4eba804ce9a9803c67d0893436bb27d'}",106,2021-11-14T08:47:07.000Z
1727,Bancor,BNT,bancor,232,2017-06-18T00:00:00.000Z,,237029963.4692864,237029963.4692864,"{'id': 1027, 'name': 'Ethereum', 'symbol': 'ETH', 'slug': 'ethereum', 'token_address': '0x1f573d6fb3f13d689ff844b4ce37794d79a7ff1c'}",107,2021-11-14T08:47:08.000Z
1896,0x,ZRX,0x,203,2017-08-16T00:00:00.000Z,1000000000,845496054.8027713,1000000000,"{'id': 1027, 'name': 'Ethereum', 'symbol': 'ETH', 'slug': 'ethereum', 'token_address': '0xe41d2489571d322189246dafa5ebde1f4699f498'}",108,2021-11-14T08:46:09.000Z
5617,UMA,UMA,uma,88,2020-05-25T00:00:00.000Z,101172570,63724409.83417277,105157061.72013918,"{'id': 1027, 'name': 'Ethereum', 'symbol': 'ETH', 'slug': 'ethereum', 'token_address': '0x04Fa0d235C4abf4BcF4787aF4CF447DE572eF828'}",109,2021-11-14T08:47:07.000Z
3783,Ankr,ANKR,ankr,83,2019-03-06T00:00:00.000Z,10000000000,8162899377.791667,10000000000,"{'id': 1839, 'name': 'Binance Chain (BEP2)', 'symbol': 'BNB', 'slug': 'binance-coin', 'token_address': 'ANKR-E97'}",110,2021-11-14T08:47:08.000Z
9436,Dogelon Mars,ELON,dogelon,21,2021-04-23T00:00:00.000Z,1000000000000000,557528013986286.2,1000000000000000,"{'id': 1027, 'name': 'Ethereum', 'symbol': 'ETH', 'slug': 'ethereum', 'token_address': '0x761d38e5ddf6ccf6cf7c55759d5210750b5d60f3'}",111,2021-11-14T08:47:04.000Z
1042,Siacoin,SC,siacoin,57,2015-08-26T00:00:00.000Z,,49373032992,49373032992,,112,2021-11-14T08:47:03.000Z
2566,Ontology,ONT,ontology,137,2018-03-08T00:00:00.000Z,1000000000,875249524,1000000000,,113,2021-11-14T08:47:06.000Z
3330,Pax Dollar,USDP,paxos-standard,27,2018-09-27T00:00:00.000Z,,945642940.11,945642940.11,"{'id': 1027, 'name': 'Ethereum', 'symbol': 'ETH', 'slug': 'ethereum', 'token_address': '0x8e870d67f660d95d5be530380d0ec0bd388289e1'}",114,2021-11-14T08:47:04.000Z
6187,Serum,SRM,serum,104,2020-08-04T00:00:00.000Z,10161000000,133231781,1092844982,,115,2021-11-14T08:47:03.000Z
109,DigiByte,DGB,digibyte,98,2014-02-06T00:00:00.000Z,21000000000,14840193151.73286,14840193151.73286,,116,2021-11-14T08:47:03.000Z
2539,Ren,REN,ren,128,2018-02-21T00:00:00.000Z,1000000000,997764051.0169293,999999632.80375,"{'id': 1027, 'name': 'Ethereum', 'symbol': 'ETH', 'slug': 'ethereum', 'token_address': '0x408e41876cccdc0f92210600ef50372656052a38'}",117,2021-11-14T08:47:06.000Z
7501,WOO Network,WOO,wootrade,47,2020-10-23T00:00:00.000Z,3000000000,554603962.774008,2991373775.8408227,"{'id': 1027, 'name': 'Ethereum', 'symbol': 'ETH', 'slug': 'ethereum', 'token_address': '0x4691937a7508860f876c9c0a2a617e7d9e945d4b'}",118,2021-11-14T08:47:05.000Z
2405,IOST,IOST,iostoken,81,2018-01-16T00:00:00.000Z,90000000000,18099719631,18099719631,,119,2021-11-14T08:47:05.000Z
4948,Nervos Network,CKB,nervos-network,48,2019-11-19T00:00:00.000Z,,28571744151.264305,34441750765.425835,,120,2021-11-14T08:46:09.000Z
5691,SKALE Network,SKL,skale-network,53,2020-06-12T00:00:00.000Z,7000000000,2377675822,4276664349,"{'id': 1027, 'name': 'Ethereum', 'symbol': 'ETH', 'slug': 'ethereum', 'token_address': '0x00c83aecc790e8a4453e5dd3b0b4b3680501a7a7'}",121,2021-11-14T08:47:07.000Z
8526,Raydium,RAY,raydium,67,2021-02-19T00:00:00.000Z,555000000,75520273.291546,555000000,"{'id': 1027, 'name': 'Ethereum', 'symbol': 'ETH', 'slug': 'ethereum', 'token_address': '0x5245c0249e5eeb2a0838266800471fd32adb1089'}",122,2021-11-14T08:47:05.000Z
11156,dYdX,DYDX,dydx,79,2021-08-03T00:00:00.000Z,1000000000,56337466,1000000000,"{'id': 1027, 'name': 'Ethereum', 'symbol': 'ETH', 'slug': 'ethereum', 'token_address': '0x92d6c1e31e14520e676a687f0a93788b716beff5'}",123,2021-11-14T08:46:10.000Z
2765,XYO,XYO,xyo,29,2018-05-22T00:00:00.000Z,,12844821265.9205,13960974963,"{'id': 1027, 'name': 'Ethereum', 'symbol': 'ETH', 'slug': 'ethereum', 'token_address': '0x55296f69f40ea6d20e478533c15a6b08b654e758'}",124,2021-11-14T08:46:08.000Z
4747,Velas,VLX,velas,26,2019-10-03T00:00:00.000Z,,2124380663,2124380663,,125,2021-11-14T08:47:07.000Z
9285,Moonriver,MOVR,moonriver,19,2021-04-19T00:00:00.000Z,10000000,2312472,10155038,,126,2021-11-14T08:47:03.000Z
1817,Voyager Token,VGX,voyager-token,8,2017-07-18T00:00:00.000Z,279387971,278482214.1856918,278482214.1856918,"{'id': 1027, 'name': 'Ethereum', 'symbol': 'ETH', 'slug': 'ethereum', 'token_address': '0x3C4B6E6e1eA3D4863700D7F76b36B7f3D3f13E3d'}",127,2021-11-14T08:47:08.000Z
1567,Nano,NANO,nano,53,2017-03-06T00:00:00.000Z,133248298,133248297.197,133248297.197,,128,2021-11-14T08:47:06.000Z
8104,1inch Network,1INCH,1inch,146,2020-12-25T00:00:00.000Z,,180362122.33131585,1500000000,"{'id': 1027, 'name': 'Ethereum', 'symbol': 'ETH', 'slug': 'ethereum', 'token_address': '0x111111111117dc0aa78b770fa6a738034120c302'}",129,2021-11-14T08:46:09.000Z
2499,SwissBorg,CHSB,swissborg,11,2018-02-02T00:00:00.000Z,,1000000000,1000000000,"{'id': 1027, 'name': 'Ethereum', 'symbol': 'ETH', 'slug': 'ethereum', 'token_address': '0xba9d4199fab4f26efe3551d490e3821486f135ba'}",130,2021-11-14T08:47:06.000Z
2467,OriginTrail,TRAC,origintrail,17,2018-01-25T00:00:00.000Z,500000000,363836144.41200966,500000000,"{'id': 1027, 'name': 'Ethereum', 'symbol': 'ETH', 'slug': 'ethereum', 'token_address': '0xaa7a9ca87d3694b5755f213b5d04094b8d0f0a6f'}",131,2021-11-14T08:47:06.000Z
4761,NuCypher,NU,nucypher,47,2019-10-07T00:00:00.000Z,3885390082,695250000,1335599882.2464592,"{'id': 1027, 'name': 'Ethereum', 'symbol': 'ETH', 'slug': 'ethereum', 'token_address': '0x4fe83213d56308330ec302a8bd641f1d0113a4cc'}",132,2021-11-14T08:47:08.000Z
3814,Celer Network,CELR,celer-network,59,2019-03-25T00:00:00.000Z,10000000000,6056211958.398,10000000000,"{'id': 1027, 'name': 'Ethereum', 'symbol': 'ETH', 'slug': 'ethereum', 'token_address': '0x4f9254c83eb525f9fcf346490bbb3ed28a81c667'}",133,2021-11-14T08:47:08.000Z
1659,Gnosis,GNO,gnosis-gno,39,2017-05-01T00:00:00.000Z,10000000,1504587,10000000,"{'id': 1027, 'name': 'Ethereum', 'symbol': 'ETH', 'slug': 'ethereum', 'token_address': '0x6810e776880c02933d47db1b9fc05908e5386b96'}",134,2021-11-14T08:47:07.000Z
8335,Mdex,MDX,mdex,63,2021-01-27T00:00:00.000Z,,759424412.58778,1000000000,"{'id': 2502, 'name': 'Heco', 'symbol': 'HT', 'slug': 'huobi-token', 'token_address': '0x25d2e80cb6b86881fd7e07dd263fb79f4abe033c'}",135,2021-11-14T08:47:04.000Z
1886,Dent,DENT,dent,40,2017-08-12T00:00:00.000Z,,99007791202.73587,100000000000,"{'id': 1027, 'name': 'Ethereum', 'symbol': 'ETH', 'slug': 'ethereum', 'token_address': '0x3597bfd533a99c9aa083587b074434e61eb0a258'}",136,2021-11-14T08:46:09.000Z
3773,Fetch.ai,FET,fetch,53,2019-03-02T00:00:00.000Z,1152997575,746113681,1151441225.6042874,"{'id': 1027, 'name': 'Ethereum', 'symbol': 'ETH', 'slug': 'ethereum', 'token_address': '0xaea46A60368A7bD060eec7DF8CBa43b7EF41Ad85'}",137,2021-11-14T08:47:07.000Z
1772,Storj,STORJ,storj,88,2017-07-02T00:00:00.000Z,,351428441.0452597,424999998.00001335,"{'id': 1027, 'name': 'Ethereum', 'symbol': 'ETH', 'slug': 'ethereum', 'token_address': '0xb64ef51c888972c908cfacf59b47c1afbc0ab8ac'}",138,2021-11-14T08:46:08.000Z
3911,Ocean Protocol,OCEAN,ocean-protocol,75,2019-05-06T00:00:00.000Z,1410000000,613099140.9978136,613099141,"{'id': 1027, 'name': 'Ethereum', 'symbol': 'ETH', 'slug': 'ethereum', 'token_address': '0x967da4048cd07ab37855c090aaf366e4ce1b9f48'}",139,2021-11-14T08:46:10.000Z
4566,DigitalBits,XDB,digitalbits,8,2019-09-13T00:00:00.000Z,,777009767.9615308,1500000000,"{'id': 1027, 'name': 'Ethereum', 'symbol': 'ETH', 'slug': 'ethereum', 'token_address': '0xb9eefc4b0d472a44be93970254df4f4016569d27'}",140,2021-11-14T08:47:06.000Z
3029,Flux,FLUX,zel,20,2018-08-02T00:00:00.000Z,440000000,219113142.2495742,219113142.2495742,,141,2021-11-14T08:46:09.000Z
3964,Reserve Rights,RSR,reserve-rights,82,2019-05-24T00:00:00.000Z,100000000000,13159998943.32,100000000000,"{'id': 1027, 'name': 'Ethereum', 'symbol': 'ETH', 'slug': 'ethereum', 'token_address': '0x8762db106b2c2a0bccb3a80d1ed41273552616e8'}",142,2021-11-14T08:46:09.000Z
4846,Kava,KAVA,kava,59,2019-10-25T00:00:00.000Z,,100625000,150653696,"{'id': 1839, 'name': 'Binance Chain (BEP2)', 'symbol': 'BNB', 'slug': 'binance-coin', 'token_address': 'KAVA-10C'}",143,2021-11-14T08:47:08.000Z
5068,Neutrino USD,USDN,neutrino-usd,31,2020-01-30T00:00:00.000Z,,572747594.827902,572748180.0604025,"{'id': 1027, 'name': 'Ethereum', 'symbol': 'ETH', 'slug': 'ethereum', 'token_address': '0x674C6Ad92Fd080e4004b2312b45f796a192D27a0'}",144,2021-11-14T08:46:10.000Z
5444,Cartesi,CTSI,cartesi,49,2020-04-23T00:00:00.000Z,1000000000,482707937.90035,1000000000,"{'id': 1027, 'name': 'Ethereum', 'symbol': 'ETH', 'slug': 'ethereum', 'token_address': '0x491604c0fdf08347dd1fa4ee062a822a5dd06b5d'}",145,2021-11-14T08:47:05.000Z
4206,WINkLink,WIN,wink,50,2019-08-01T00:00:00.000Z,999000000000,766149999999,994569859243.4863,"{'id': 1958, 'name': 'Tron20', 'symbol': 'TRX', 'slug': 'tron', 'token_address': 'TLa2f6VPqDgRE67v1736s7bJ8Ray5wYjU7'}",146,2021-11-14T08:47:03.000Z
4269,GateToken,GT,gatetoken,20,2019-08-20T00:00:00.000Z,,76841119.77196385,300000000,"{'id': 1027, 'name': 'Ethereum', 'symbol': 'ETH', 'slug': 'ethereum', 'token_address': '0xe66747a101bff2dba3697199dcce5b743b454759'}",147,2021-11-14T08:47:04.000Z
7232,Alpha Finance Lab,ALPHA,alpha-finance-lab,64,2020-09-29T00:00:00.000Z,1000000000,446330126,1000000000,"{'id': 1839, 'name': 'Binance Smart Chain (BEP20)', 'symbol': 'BNB', 'slug': 'binance-coin', 'token_address': '0xa1faa113cbe53436df28ff0aee54275c13b40975'}",148,2021-11-14T08:47:03.000Z
1455,Golem,GLM,golem-network-tokens,50,2016-11-18T00:00:00.000Z,,1000000000,1000000000,"{'id': 1027, 'name': 'Ethereum', 'symbol': 'ETH', 'slug': 'ethereum', 'token_address': '0x7DD9c5Cba05E151C895FDe1CF355C9A1D5DA6429'}",149,2021-11-14T08:47:06.000Z
7226,Injective Protocol,INJ,injective-protocol,58,2020-09-29T00:00:00.000Z,100000000,43655553.33,100000000,"{'id': 1027, 'name': 'Ethereum', 'symbol': 'ETH', 'slug': 'ethereum', 'token_address': '0xe28b3b32b6c345a34ff64674606124dd5aceca30'}",150,2021-11-14T08:47:03.000Z
693,Verge,XVG,verge,48,2014-10-25T00:00:00.000Z,16555000000,16485375387.83363,16485375387.83363,,151,2021-11-14T08:47:07.000Z
3978,Chromia,CHR,chromia,51,2019-05-28T00:00:00.000Z,1000000000,429822499.993648,471970667.472656,"{'id': 1027, 'name': 'Ethereum', 'symbol': 'ETH', 'slug': 'ethereum', 'token_address': '0x8a2279d4a90b6fe1c4b30fa660cc9f926797baa2'}",152,2021-11-14T08:46:09.000Z
6951,Reef,REEF,reef,69,2020-09-08T00:00:00.000Z,,15973552172,15934019762,,153,2021-11-14T08:47:08.000Z
2856,CEEK VR,CEEK,ceek-vr,21,2018-06-11T00:00:00.000Z,,737545460.245471,1000000000,"{'id': 1027, 'name': 'Ethereum', 'symbol': 'ETH', 'slug': 'ethereum', 'token_address': '0xb056c38f6b7dc4064367403e26424cd2c60655e1'}",154,2021-11-14T08:46:09.000Z
2496,Polymath,POLY,polymath-network,35,2018-02-02T00:00:00.000Z,,761698803,1000000000,"{'id': 1027, 'name': 'Ethereum', 'symbol': 'ETH', 'slug': 'ethereum', 'token_address': '0x9992ec3cf6a55b00978cddf2b27bc6882d88d1ec'}",155,2021-11-14T08:47:06.000Z
4279,Swipe,SXP,swipe,109,2019-08-26T00:00:00.000Z,239612084,192768788.60917595,285368788.73913497,"{'id': 1027, 'name': 'Ethereum', 'symbol': 'ETH', 'slug': 'ethereum', 'token_address': '0x8ce9137d39326ad0cd6491fb5cc0cba0e089b6a9'}",156,2021-11-14T08:47:04.000Z
5161,WazirX,WRX,wazirx,56,2020-02-06T00:00:00.000Z,,317846918.0219691,972280002,"{'id': 1839, 'name': 'Binance Chain (BEP2)', 'symbol': 'BNB', 'slug': 'binance-coin', 'token_address': 'WRX-ED1'}",157,2021-11-14T08:47:03.000Z
3884,Function X,FX,function-x,16,2019-04-25T00:00:00.000Z,1893022625,408520357,408520357,"{'id': 1027, 'name': 'Ethereum', 'symbol': 'ETH', 'slug': 'ethereum', 'token_address': '0x8c15ef5b4b21951d50e53e4fbda8298ffad25057'}",158,2021-11-14T08:46:09.000Z
5026,Orchid,OXT,orchid,61,2019-12-16T00:00:00.000Z,,690690083.7746798,1000000000,"{'id': 1027, 'name': 'Ethereum', 'symbol': 'ETH', 'slug': 'ethereum', 'token_address': '0x4575f41308EC1483f3d399aa9a2826d74Da13Deb'}",159,2021-11-14T08:46:10.000Z
2780,NKN,NKN,nkn,34,2018-05-28T00:00:00.000Z,1000000000,700000000,700000000,,160,2021-11-14T08:47:08.000Z
1214,Lisk,LSK,lisk,56,2016-04-06T00:00:00.000Z,,128900444.52198455,144818773,,161,2021-11-14T08:47:04.000Z
3992,COTI,COTI,coti,52,2019-06-04T00:00:00.000Z,2000000000,868672118.03,2000000000,,162,2021-11-14T08:46:10.000Z
1732,Numeraire,NMR,numeraire,51,2017-06-23T00:00:00.000Z,11000000,10197289.71526048,10970820.91398445,"{'id': 1027, 'name': 'Ethereum', 'symbol': 'ETH', 'slug': 'ethereum', 'token_address': '0x1776e1F26f98b1A5dF9cD347953a26dd3Cb46671'}",163,2021-11-14T08:47:08.000Z
8642,Fei USD,FEI,fei-usd,20,2021-03-02T00:00:00.000Z,,424996177.78890556,426116732.6917724,"{'id': 1027, 'name': 'Ethereum', 'symbol': 'ETH', 'slug': 'ethereum', 'token_address': '0x956F47F50A910163D8BF957Cf5846D573E7f87CA'}",164,2021-11-14T08:47:06.000Z
7064,BakeryToken,BAKE,bakerytoken,52,2020-09-15T00:00:00.000Z,,193529487.37708053,289770790.80853105,"{'id': 1839, 'name': 'Binance Smart Chain (BEP20)', 'symbol': 'BNB', 'slug': 'binance-coin', 'token_address': '0xE02dF9e3e622DeBdD69fb838bB799E3F168902c5'}",165,2021-11-14T08:46:10.000Z
8891,Bitcoin Standard Hashrate Token,BTCST,btc-standard-hashrate-token,17,2021-03-19T00:00:00.000Z,15000000,11421012.85418485,15000000,"{'id': 1839, 'name': 'Binance Smart Chain (BEP20)', 'symbol': 'BNB', 'slug': 'binance-coin', 'token_address': '0x78650b139471520656b9e7aa7a5e9276814a38e9'}",166,2021-11-14T08:47:08.000Z
3012,VeThor Token,VTHO,vethor-token,28,2018-07-30T00:00:00.000Z,,42205906581,42205906581,,167,2021-11-14T08:46:10.000Z
5117,Origin Protocol,OGN,origin-protocol,73,2020-01-09T00:00:00.000Z,,351815554.54,1000000000,"{'id': 1027, 'name': 'Ethereum', 'symbol': 'ETH', 'slug': 'ethereum', 'token_address': '0x8207c1ffc5b6804f6024322ccf34f29c3541ae26'}",168,2021-11-14T08:46:11.000Z
2222,Bitcoin Diamond,BCD,bitcoin-diamond,25,2017-11-24T00:00:00.000Z,210000000,186492897.953,189492897.953,,169,2021-11-14T08:47:04.000Z
4189,Ultra,UOS,ultra,22,2019-07-30T00:00:00.000Z,,282785230.1445,1000000000,"{'id': 1027, 'name': 'Ethereum', 'symbol': 'ETH', 'slug': 'ethereum', 'token_address': '0xd13c7342e1ef687c5ad21b27c2b65d772cab5c8c'}",170,2021-11-14T08:47:03.000Z
2303,MediBloc,MED,medibloc,7,2017-12-22T00:00:00.000Z,,5382401140,7697598449,,171,2021-11-14T08:47:04.000Z
1637,iExec RLC,RLC,rlc,53,2017-04-20T00:00:00.000Z,,80070793.23876736,86999784.9868455,"{'id': 1027, 'name': 'Ethereum', 'symbol': 'ETH', 'slug': 'ethereum', 'token_address': '0x607f4c5bb672230e8672085532f7e901544a7375'}",172,2021-11-14T08:47:07.000Z
7334,Conflux,CFX,conflux-network,29,2020-11-11T00:00:00.000Z,,1145016237.8565426,1145016237.8565426,,173,2021-11-14T08:47:04.000Z
7859,Badger DAO,BADGER,badger-dao,55,2020-12-04T00:00:00.000Z,21000000,10285848.59854227,21000000,"{'id': 1027, 'name': 'Ethereum', 'symbol': 'ETH', 'slug': 'ethereum', 'token_address': '0x3472a5a71965499acd81997a54bba8d852c6e53d'}",174,2021-11-14T08:47:08.000Z
3801,BORA,BORA,bora,4,2019-03-18T00:00:00.000Z,,888428413.7790345,1205750000,"{'id': 4256, 'name': 'Klaytn', 'symbol': 'KLAY', 'slug': 'klaytn', 'token_address': '0x02cbe46fb8a1f579254a9b485788f2d86cad51aa'}",175,2021-11-14T08:47:08.000Z
3673,ASD,ASD,bitmax-token,7,2019-01-08T00:00:00.000Z,,660615274,780615274,"{'id': 1027, 'name': 'Ethereum', 'symbol': 'ETH', 'slug': 'ethereum', 'token_address': '0xff742d05420b6aca4481f635ad8341f81a6300c2'}",176,2021-11-14T08:47:07.000Z
7653,Oasis Network,ROSE,oasis-network,29,2020-11-12T00:00:00.000Z,10000000000,1500000000,10000000000,,177,2021-11-14T08:47:06.000Z
7535,Keep3rV1,KP3R,keep3rv1,30,2020-10-28T00:00:00.000Z,201643,200001,200001,"{'id': 1027, 'name': 'Ethereum', 'symbol': 'ETH', 'slug': 'ethereum', 'token_address': '0x1ceb5cb57c4d4e2b2433641b95dd330a33185a44'}",178,2021-11-14T08:47:05.000Z
8766,MyNeighborAlice,ALICE,myneighboralice,65,2021-03-10T00:00:00.000Z,100000000,23000000,100000000,"{'id': 1027, 'name': 'Ethereum', 'symbol': 'ETH', 'slug': 'ethereum', 'token_address': '0xAC51066d7bEC65Dc4589368da368b212745d63E8'}",179,2021-11-14T08:47:07.000Z
5350,Proton,XPR,proton,11,2020-04-06T00:00:00.000Z,,8419963390.335401,12280407328.5063,"{'id': 1027, 'name': 'Ethereum', 'symbol': 'ETH', 'slug': 'ethereum', 'token_address': '0xd7efb00d12c2c13131fd319336fdf952525da2af'}",180,2021-11-14T08:47:04.000Z
4705,PAX Gold,PAXG,pax-gold,48,2019-09-26T00:00:00.000Z,,173619.937,173619.937,"{'id': 1027, 'name': 'Ethereum', 'symbol': 'ETH', 'slug': 'ethereum', 'token_address': '0x45804880de22913dafe09f4980848ece6ecbaf78'}",181,2021-11-14T08:47:08.000Z
5370,Hive,HIVE,hive-blockchain,31,2020-03-26T00:00:00.000Z,,395510864.286,395510864.286,,182,2021-11-14T08:47:05.000Z
1759,Status,SNT,status,69,2017-06-28T00:00:00.000Z,,3470483788,6804870174,"{'id': 1027, 'name': 'Ethereum', 'symbol': 'ETH', 'slug': 'ethereum', 'token_address': '0x744d70fdbe2ba4cf95131626614a1763df805b9e'}",183,2021-11-14T08:47:08.000Z
1320,Ardor,ARDR,ardor,23,2016-07-23T00:00:00.000Z,998999495,998999495,998999495,,184,2021-11-14T08:47:05.000Z
1816,Civic,CVC,civic,66,2017-07-17T00:00:00.000Z,,670000000,1000000000,"{'id': 1027, 'name': 'Ethereum', 'symbol': 'ETH', 'slug': 'ethereum', 'token_address': '0x41e5560054824ea6b0732e656e3ad64e20e94e45'}",185,2021-11-14T08:46:09.000Z
2758,Unibright,UBT,unibright,19,2018-05-21T00:00:00.000Z,150000000,149999999.24349335,150000000,"{'id': 1027, 'name': 'Ethereum', 'symbol': 'ETH', 'slug': 'ethereum', 'token_address': '0x8400d94a5cb0fa0d041a3788e395285d61c9ee5e'}",186,2021-11-14T08:47:08.000Z
3217,Ontology Gas,ONG,ontology-gas,43,2018-08-23T00:00:00.000Z,1000000000,265097550.3127424,1000000000,,187,2021-11-14T08:47:03.000Z
4679,Band Protocol,BAND,band-protocol,131,2019-09-18T00:00:00.000Z,,35191821,100000000,"{'id': 1027, 'name': 'Ethereum', 'symbol': 'ETH', 'slug': 'ethereum', 'token_address': '0xba11d00c5f74255f56a5e366f4f77f5a186d7f55'}",188,2021-11-14T08:47:07.000Z
5899,Casper,CSPR,casper,24,2020-07-21T00:00:00.000Z,,2521847719,10472846751,,189,2021-11-14T08:46:09.000Z
4120,Prometeus,PROM,prometeus,19,2019-07-17T00:00:00.000Z,,16450000,19250000,"{'id': 1027, 'name': 'Ethereum', 'symbol': 'ETH', 'slug': 'ethereum', 'token_address': '0xfc82bb4ba86045af6f327323a46e80412b91b27d'}",190,2021-11-14T08:47:02.000Z
1762,Ergo,ERG,ergo,17,2017-06-29T00:00:00.000Z,97739924,32012428,35316150,,191,2021-11-14T08:47:08.000Z
2297,StormX,STMX,stormx,31,2017-12-20T00:00:00.000Z,10000000000,10000000000,10000000000,"{'id': 1027, 'name': 'Ethereum', 'symbol': 'ETH', 'slug': 'ethereum', 'token_address': '0xbE9375C6a420D2eEB258962efB95551A5b722803'}",192,2021-11-14T08:47:04.000Z
5268,Energy Web Token,EWT,energy-web-token,18,2020-03-28T00:00:00.000Z,100000000,30062138,48638535.4433,,193,2021-11-14T08:47:04.000Z
2424,SingularityNET,AGIX,singularitynet,11,2018-01-18T00:00:00.000Z,1000000000,1000000000,1000000000,"{'id': 1027, 'name': 'Ethereum', 'symbol': 'ETH', 'slug': 'ethereum', 'token_address': '0x5B7533812759B45C2B44C19e320ba2cD2681b542'}",194,2021-11-14T08:47:05.000Z
2868,Constellation,DAG,constellation,8,2018-06-20T00:00:00.000Z,3693588685,1266911931.0440834,3711998690.36,,195,2021-11-14T08:46:09.000Z
2299,aelf,ELF,aelf,59,2017-12-21T00:00:00.000Z,1000000000,544480199.9864658,879999999.9864658,"{'id': 1027, 'name': 'Ethereum', 'symbol': 'ETH', 'slug': 'ethereum', 'token_address': '0xbf2179859fc6D5BEE9Bf9158632Dc51678a4100e'}",196,2021-11-14T08:47:04.000Z
3816,Verasity,VRA,verasity,32,2019-04-03T00:00:00.000Z,10356466695,4470185345.808827,19400882350.003914,"{'id': 1027, 'name': 'Ethereum', 'symbol': 'ETH', 'slug': 'ethereum', 'token_address': '0xf411903cbc70a74d22900a5de66a2dda66507255'}",197,2021-11-14T08:46:09.000Z
7288,Venus,XVS,venus,54,2020-10-05T00:00:00.000Z,29960733,11477156,29960733,"{'id': 1839, 'name': 'Binance Smart Chain (BEP20)', 'symbol': 'BNB', 'slug': 'binance-coin', 'token_address': '0xcf6bb5389c92bdda8a3747ddb454cb7a64626c63'}",198,2021-11-14T08:47:03.000Z
3835,Orbs,ORBS,orbs,25,2019-04-03T00:00:00.000Z,,2229950518.201359,10000000000,"{'id': 1027, 'name': 'Ethereum', 'symbol': 'ETH', 'slug': 'ethereum', 'token_address': '0xff56cc6b1e6ded347aa0b7676c85ab0b3d08b0fa'}",199,2021-11-14T08:46:08.000Z
1343,Stratis,STRAX,stratis,21,2016-08-12T00:00:00.000Z,,130775715.40700167,130775715.40700167,,200,2021-11-14T08:47:05.000Z
price,volume_24h,volume_change_24h,percent_change_1h,percent_change_24h,percent_change_7d,percent_change_30d,percent_change_60d,percent_change_90d,market_cap,market_cap_dominance,fully_diluted_market_cap,last_updated
4592.131683573921,13826968037.111107,-18.6548,-0.3439494,-0.8802668,1.01851648,21.47258246,34.77192786,40.29952019,543412589742.17914,19.3497,543412589742.18,2021-11-14T08:47:02.000Z
638.7648062464849,2144470068.4914863,3.6649,-0.93580929,1.77043815,-3.98074038,39.25079626,50.85888043,50.09187582,106546702983.91125,3.7939,106546702983.91,2021-11-14T08:47:08.000Z
1.0004103514033087,64444462769.14024,-14.8436,0.02171759,-0.11361073,-0.03865709,0.06649677,-0.00164614,-0.00127185,73890194546.40544,2.6306,76388384895.51,2021-11-14T08:46:09.000Z
235.3130342049465,2235358461.797672,-12.3607,-0.38717893,3.75221593,-6.14700492,44.53390434,44.83938794,284.40068381,71349884502.61691,2.5401,119772659567.82,2021-11-14T08:47:05.000Z
2.0323121030305997,1900838879.6645937,-25.0457,-0.25350441,-1.401763,2.48800684,-6.233961,-14.95662153,-6.55610617,67673504053.506386,2.4092,91454044636.38,2021-11-14T08:46:10.000Z
1.1800100601906143,2713585060.0720387,-22.4057,-0.43511251,-1.26447283,1.00296946,5.3947888,8.08481183,-7.96541165,55648064833.87687,1.9811,118001006019.06,2021-11-14T08:47:03.000Z
46.08443891319669,1173921945.5588553,-30.4278,-0.74630112,0.04299477,-13.31375229,14.86012801,25.246475,90.69172484,45512038612.07642,1.6198,50845121429.63,2021-11-14T08:47:06.000Z
0.26785295299127854,1041072043.6386974,-22.5036,2.66211885,4.03509039,2.94547016,17.48664759,10.73401315,-20.80588366,35387012862.53173,1.2598,35387012862.53,2021-11-14T08:47:03.000Z
1.000425236464701,2657019746.1464324,-24.6708,0.05519693,-0.07025063,0.02498158,0.0727921,0.0272239,0.06766062,34438990073.409515,1.2263,34438990073.41,2021-11-14T08:47:05.000Z
5.2522757589799226e-05,2407811201.879901,-2.4643,0.27609882,1.97877084,-6.86314305,114.29077995,690.46835024,507.68899582,28840010351.634754,1.0267,30974716238.12,2021-11-14T08:46:10.000Z
51.167334628346346,573212943.4985243,-16.2722,-0.36715822,3.79609551,-1.6986611,39.98945895,39.01917057,133.38595668,23247338041.95881,0.8276,47666160903.35,2021-11-14T08:47:03.000Z
97.20559884037773,1440121563.4603946,129.8941,-0.51626113,11.00960287,15.40477455,73.45153204,79.48902962,404.44322075,21413088653.95711,0.7625,69988031165.07,2021-11-14T08:47:07.000Z
250.71714944223984,2691523849.098043,-36.1951,-0.91463261,0.53299748,26.20478418,39.13642034,37.88768346,35.44322651,17292101595.263092,0.6157,21060240553.15,2021-11-14T08:47:02.000Z
33.619399588353765,777046083.9442774,-29.8782,-0.47085588,-0.36009014,4.94617634,27.12653743,10.44055151,14.52135955,15650151705.347525,0.5572,33619399588.35,2021-11-14T08:46:10.000Z
65394.016884233846,98674810.02825601,-26.0629,-0.38268,0.81694309,5.87083934,10.656039,38.58184191,38.33181702,15637807378.489115,0.5567,15637807378.49,2021-11-14T08:47:07.000Z
24.452706149567117,163237864.36270842,-41.2291,-0.76256251,0.35980524,-2.62876773,-5.51859857,-2.81899412,-20.1138604,15346422734.025558,0.5465,24452706149.57,2021-11-14T08:46:10.000Z
1.0002171769571444,4808864353.334729,-20.6671,0.21058853,-0.08650847,0.02360694,0.05980738,-0.00263191,0.0396613,13544190767.153494,0.4823,13544190767.15,2021-11-14T08:47:07.000Z
665.2137774101735,950769483.4258144,-19.6174,-0.59461462,0.62432434,12.86674304,8.46508775,4.18806734,-4.56076535,12572627702.360565,0.4476,13969489325.61,2021-11-14T08:46:09.000Z
1.9853397546460358,649408604.6782516,-50.213,-0.23451781,-3.74041482,8.38825295,12.73487631,-3.33672965,98.37004118,12406033921.354218,0.4418,19853397546.46,2021-11-14T08:46:11.000Z
1.7258355209259801,681937619.3003916,-12.3466,-0.59085793,0.6191674,-7.36831709,7.87366958,27.10405544,12.68286098,11913253042.54774,0.4242,17258355209.26,2021-11-14T08:46:08.000Z
0.15797416914390872,496345680.9288126,-18.4366,-0.77457927,-0.57744009,0.54326876,37.80379679,34.01334537,14.67028327,10160199837.84837,0.3616,13698356384.05,2021-11-14T08:47:02.000Z
0.40212648948041113,545058372.6090927,147.5038,-1.57748787,2.81783895,21.10054039,115.5592528,116.75239562,163.3497329,10158927009.659521,0.3617,12169559457.06,2021-11-14T08:47:06.000Z
141.98420116412248,372941330.0246996,-23.5898,-0.24183529,-0.97575388,-8.77015713,10.75154499,110.91743646,107.58556147,8647902732.40379,0.3079,38335734314.31,2021-11-14T08:47:07.000Z
47.401160359415016,292970808.26894236,-3.2448,-0.96454574,2.35515523,-3.74617941,13.0863998,-18.37708706,-27.45523684,8632342794.458961,0.3074,22499226618.59,2021-11-14T08:47:08.000Z
0.11099134645544297,2954385841.3615904,4.2681,-0.03111293,-0.48633862,8.09299601,15.01621125,-4.56900726,18.43414586,7953601857.975402,0.2832,11193559846.69,2021-11-14T08:46:09.000Z
62.108763957914725,346227904.2633734,-44.3813,-0.88677294,-1.23801278,1.05677716,-6.70054925,-27.26348085,-16.13923355,7642181618.537335,0.272,7642181618.54,2021-11-14T08:47:04.000Z
55.511628785390705,720987104.3112327,-20.6662,-0.27470065,-0.62743933,5.04572085,4.24820897,-4.71441331,-24.17885976,7270860394.87674,0.2589,11696300185.08,2021-11-14T08:47:04.000Z
32.260274699045254,308064364.6819105,-24.3899,-0.28173509,-0.50901704,-10.42413967,-1.84186953,-5.10057694,100.54583773,7243482045.698606,0.2578,9107629211.85,2021-11-14T08:47:08.000Z
7.052386531949485,167781594.93448386,-29.3959,-0.42806114,-1.55148401,-4.61254017,18.09984937,1.24866372,-12.09191366,7052386531.949485,0.2511,7052386531.95,2021-11-14T08:47:06.000Z
64170.2625960162,27970424.07106579,-25.0415,-0.90453074,0.06735831,2.79030578,8.45357584,36.33355376,35.81403125,6744927922.211269,0.2401,7219218712.31,2021-11-14T08:46:10.000Z
55.63408561373169,342627397.1692603,39.6617,-0.63754036,-1.63743196,-11.3409173,-1.01066925,-20.06238634,6.53063476,6676909887.166673,0.2377,19592656765.1,2021-11-14T08:47:03.000Z
2.579610363499143,445407901.8421679,-37.3368,-0.93050097,-2.16096468,-8.16999723,31.79684348,77.60272343,579.26076369,6565124557.001129,0.2338,8190262904.11,2021-11-14T08:47:05.000Z
0.9994284149734889,245674756.26055428,-29.7521,0.00426263,-0.1026724,-0.08566022,-0.02781294,-0.1182761,-0.1370561,6471250728.18848,0.2304,6471251216.75,2021-11-14T08:46:09.000Z
0.42883074933310966,117008690.60153359,-59.4758,-0.26488078,-5.53023585,9.97655269,18.24435894,-18.05290223,67.26850014,6440583972.863052,0.2293,21441537466.66,2021-11-14T08:47:07.000Z
319.37748921079026,95939693.62086976,-30.1471,0.3232103,-2.30944194,-1.42515383,33.11831438,18.78110569,131.87153262,6301676775.069454,0.2244,10033539567.11,2021-11-14T08:46:09.000Z
11.416014563116331,195716118.29119638,-29.6521,1.25819643,2.50178444,12.17887185,46.55219024,25.09305671,231.30032837,6235722783.487267,0.222,11416014563.12,2021-11-14T08:47:05.000Z
3.226674719148451,3313556377.674316,-59.4789,1.92507384,-13.49683079,16.63244173,331.31102277,283.52715327,264.39175418,5862620451.299195,0.2087,7079335715.33,2021-11-14T08:46:09.000Z
53.66311804564875,58656169.90852985,-51.1276,3.51791503,3.33216722,33.0540586,147.74099609,160.37024986,185.3870202,5474583160.767342,0.1949,11966875324.18,2021-11-14T08:47:07.000Z
5.899862564289751,169724305.0522701,-11.3436,-0.59580333,3.22132408,-7.05534473,-13.30392702,-20.96744419,54.59815493,5114334867.162153,0.1821,5285176825.81,2021-11-14T08:46:10.000Z
1.0752484507552844,127832922.45701927,-43.4381,-1.08485738,-2.3760557,-0.72174909,52.52226433,21.14967475,17.34508637,5070586967.972161,0.1806,10813821443.61,2021-11-14T08:47:07.000Z
274.806043346393,224048108.71907848,1.1535,-1.66903656,3.58026765,5.11209574,1.71942585,2.34083857,-1.77800701,4950384530.467596,0.1762,4950384530.47,2021-11-14T08:47:05.000Z
4.934508166177809,902296145.9924473,-20.0594,-0.79077203,0.95427446,10.92449372,8.84249166,1.44290732,-14.50233662,4792654745.199563,0.1706,5128203332.93,2021-11-14T08:47:08.000Z
1.0063212414024576,51750554.03921331,-43.6673,-0.11635793,0.12947457,0.30623074,0.61494656,0.18115923,0.3829806,4727337356.065364,0.1683,4727337123.93,2021-11-14T08:46:09.000Z
18.102468120444406,178202959.95623416,-7.7195,-0.83602671,-0.79101886,-10.27365192,-7.13747168,-17.84818527,-17.69549347,4384108850.160623,0.1561,4384108850.16,2021-11-14T08:47:02.000Z
3.1312600924392386,1617590872.2320685,35.1256,-2.46385251,10.51488916,130.44164754,605.36398753,554.50134477,829.88382575,4159089938.280628,0.1481,4303960509.05,2021-11-14T08:46:10.000Z
312.23647071389513,219225186.52123812,-15.4653,-0.06901036,0.82434516,-2.35401262,5.33191348,-19.6213317,-27.13573436,4135092246.3164535,0.1472,4995783531.42,2021-11-14T08:47:03.000Z
12.97248090518744,98659920.0666115,-4.497,-0.63961,1.09039796,-5.33515609,-24.71941847,-41.07512595,-43.91646132,4029423961.5689383,0.1434,17878825467.48,2021-11-14T08:47:06.000Z
1.5305549228154973,112170945.35636564,-4.8522,-0.78781017,-0.84319009,-5.66755238,-3.54272594,13.83139695,-19.84296343,3860710857.987527,0.1374,16408883764.22,2021-11-14T08:47:04.000Z
0.0002040497107556917,140446741.01664823,-50.6083,-0.53455488,0.88872288,5.46937539,-2.72121721,-20.25858001,273.21652671,3855865847.514553,0.1373,4285043925.87,2021-11-14T08:47:07.000Z
23.343234753093757,95677769.53950922,-37.1803,-0.45983902,5.14568106,37.68113379,943.16287303,1235.97447644,3489.20809103,3672744623.514728,0.1308,23343234753.09,2021-11-14T08:47:07.000Z
426.50833066910843,95534220.56792754,-15.8734,-0.11054441,1.20202427,-6.65375731,24.72729172,2.8747819,48.57758222,3612567383.0064993,0.1286,4116324644.06,2021-11-14T08:46:10.000Z
1.2954214021324448,50041364.03738352,-15.2253,-0.74362561,-0.20302092,-3.018712,1.04233886,-19.20822114,8.42974804,3600663016.473451,0.1282,3600663016.47,2021-11-14T08:47:08.000Z
48.355568293179445,259622468.71636632,-8.8205,-0.33014561,1.66043867,7.132674,10.10072977,-6.13987419,-18.37817295,3410945259.7415433,0.1214,4835556829.32,2021-11-14T08:47:05.000Z
13.01088712893233,91929542.07013015,-1.7057,-1.11747978,6.59741657,-7.91474842,68.70612316,38.11792387,38.64670568,3359543964.75137,0.1196,6505443564.47,2021-11-14T08:47:03.000Z
174.5851623129024,145302412.0835184,-25.4001,-0.38579884,1.09514251,4.43373532,2.04679196,13.76929691,0.66112907,3299041168.6046505,0.1175,3666288408.57,2021-11-14T08:47:06.000Z
0.5317377901112414,873871155.4155223,-47.4639,-0.0088919,-7.61137194,7.85115459,68.57849661,57.9927487,41.53269856,3159101051.0515647,0.1125,4726558133.85,2021-11-14T08:46:10.000Z
256.509448241968,48398387.56595363,-6.0187,-0.05011808,-0.61795155,-2.8639298,-7.07104369,-28.74015997,61.37878487,3096771363.1498404,0.1102,3748242516.87,2021-11-14T08:47:03.000Z
3046.7931115162783,158927156.67902136,27.1608,-0.79182888,1.6203333,1.14367377,20.54190701,5.47286205,-20.54343685,3020372485.3908587,0.1075,3063785076.7,2021-11-14T08:47:07.000Z
0.27679647215337033,105229776.261333,-25.4315,-0.34620762,0.312874,-10.26224105,30.35150582,57.24700463,143.2166507,2987606785.033884,0.1064,3665937229.13,2021-11-14T08:46:10.000Z
2.2524707277727547,77258928.4381252,-58.6106,-2.20111037,-6.10670576,9.09683822,12.0260533,46.55303709,50.88149547,2893093482.6881905,0.103,4094991783.09,2021-11-14T08:46:08.000Z
2.728544599544509,3746974.90514216,35.7601,-0.74463888,-11.93993787,-15.1835165,-1.13534833,-12.07663871,-8.4948384,2602906389.6246805,0.0927,2688269927.9,2021-11-14T08:46:09.000Z
195.88977338874855,321677401.5262927,-33.4952,-0.93552984,-5.49973019,22.02233177,61.53595406,48.65722043,26.59036122,2562889569.4213486,0.0913,4113685241.16,2021-11-14T08:47:05.000Z
2.876181140393797,2243447255.8247313,-4.6286,2.14549431,-5.113043,8.95521782,292.6568515,269.5747144,338.73066452,2566261460.6996756,0.0914,8628543421.18,2021-11-14T08:47:03.000Z
3.0112318338901307,346862790.82253754,-38.0274,-0.14204614,-6.46512658,-10.46103874,94.97200791,75.61075281,76.96723656,2512393154.398719,0.0894,3011231833.89,2021-11-14T08:47:03.000Z
23.340375686081437,84444340.21298186,-1.8984,-0.31750171,-0.5217298,-6.48679022,-23.90507832,-20.73478011,-4.39015113,2490246720.666602,0.0887,2490246720.67,2021-11-14T08:47:04.000Z
0.0037407968197749404,365378516.89127225,-45.3972,-0.30038765,-0.75642474,-3.04952952,4.50811296,-7.91271629,-21.70321818,2468748680.802124,0.0879,3703388851.58,2021-11-14T08:47:07.000Z
0.057809838225785726,21950317.49511974,-22.5215,-0.07502935,2.02649712,-2.37550699,27.92750746,13.60566992,-5.06195444,2441176632.019318,0.0869,5350163992.46,2021-11-14T08:46:09.000Z
71.02198262316438,85043704.0482527,-6.8722,-1.78014781,4.26104524,-9.5189995,36.44497034,28.94716294,239.98408049,2371757874.12777,0.0844,4687450853.13,2021-11-14T08:47:07.000Z
225.6763778924873,304937230.7610323,-4.0522,-0.63167113,1.2637204,17.98553864,22.5238075,9.74339487,7.35108751,2353608617.348881,0.0838,4265283542.17,2021-11-14T08:47:03.000Z
0.013478489316449769,127499855.38764317,-30.2474,-0.38037362,0.25316036,-9.25900391,49.59202736,33.87615387,12.63521703,2330375142.629149,0.0829,2394041637.38,2021-11-14T08:47:08.000Z
0.24056248431711175,1465826089.1485486,104.531,11.94833512,24.61571027,123.73546141,256.75031947,274.71128442,155.21093144,2295153576.5768385,0.0817,2405624843.17,2021-11-14T08:47:08.000Z
348.58392435386605,153843144.76427153,17.3183,0.18024169,3.19423069,-2.38149358,13.86253068,-18.70164441,-33.56625569,2098090129.75381,0.0747,3485839243.54,2021-11-14T08:47:07.000Z
5.777222734359193,38722599.44476069,-23.0874,-0.30926564,-0.71619797,-7.63366345,0.89036242,15.16398344,83.29492287,2006416503.1095774,0.0714,5777222734.36,2021-11-14T08:47:06.000Z
24.6365465614532,52846657.1750301,-0.0943,-0.43492979,12.19815379,28.45579334,105.79950028,103.7265389,109.33053428,1973846555.5272138,0.0703,4191135746.06,2021-11-14T08:47:03.000Z
3.1653566147835583,9123767.56860583,-29.9288,-1.76031954,-3.80460053,1.45204076,90.96278734,91.37775163,61.24905482,1772599739.0977154,0.0631,3165356614.78,2021-11-14T08:47:07.000Z
0.33128000202042784,55332596.35459631,22.5483,0.09094858,-4.04508787,-12.87043318,19.19410291,0.74943198,-10.89523648,1756186317.1427212,0.0625,1756186317.14,2021-11-14T08:46:09.000Z
1.1588061941769416,328655150.70611554,-34.9066,-0.76007729,-3.06790042,16.78389811,69.4235653,47.09440905,42.57022938,1729261757.4820712,0.0616,1738209291.27,2021-11-14T08:47:07.000Z
0.19123096628295153,66542674.17174377,0.0238,-0.67453372,1.29279992,-11.511973,11.94727318,3.53353968,-13.17083231,1721078696.3553329,0.0613,1721078696.36,2021-11-14T08:46:09.000Z
4.1109625359067445,283242644.35610163,-8.126,-1.72087516,-1.02030723,-1.8556239,44.27399309,42.90852961,83.71758819,1699830730.0867116,0.0605,13578633814.15,2021-11-14T08:47:06.000Z
11.846401946339757,1129943007.537826,-52.558,-0.07936811,-4.57754835,-29.90097984,-14.35539364,35.17002883,101.44979539,1661403358.7363353,0.0592,1661403367.68,2021-11-14T08:47:08.000Z
16.495020798924262,278146205.5088316,-21.2647,-0.93201562,1.22364073,0.34917801,30.29132604,29.91475106,17.87018272,1630714362.1488984,0.0581,1778532829.56,2021-11-14T08:47:07.000Z
2.405022440069588,138407189.18946123,5.7516,-1.93942191,4.84423762,16.54879708,20.12159313,17.48396677,76.82752171,1622118430.9497883,0.0578,1925124262.38,2021-11-14T08:47:03.000Z
26.660914000692287,446352109.419037,-36.3986,-0.66385567,-0.26659331,-1.61297507,65.46967292,41.92250806,18.25696948,1599654840.0415373,0.0569,7998274200.21,2021-11-14T08:46:09.000Z
9.751879946643403,56815236.58368487,-25.576,-0.42758878,-0.10895951,-7.59188072,32.26688483,-31.75432287,-31.4278859,1578139859.1709356,0.0562,4875939973.32,2021-11-14T08:47:06.000Z
115.97647731027088,15869310.87035249,-4.5767,-0.68785309,4.23730727,8.42559668,-5.87552907,-19.54664943,-33.18548789,1565160554.3702044,0.0557,2435506023.52,2021-11-14T08:47:04.000Z
5.207652378568584,110051523.34573844,-52.2322,-1.47241827,-9.35777714,23.35844613,23.44819427,-12.88252806,53.51273645,1524504461.6287446,0.0543,4291652217.63,2021-11-14T08:47:06.000Z
10.967986385163577,128264379.29676534,-20.1117,-0.93286747,0.74256988,-5.49942441,3.94029124,-16.10719434,-12.18340619,1395615318.411723,0.0497,2741996596.29,2021-11-14T08:47:07.000Z
64.56028581103685,373157749.6280344,280.3317,0.97066694,6.47419554,92.14554383,177.9224638,250.62116997,221.88443305,1366396197.360215,0.0486,1478879303.62,2021-11-14T08:47:07.000Z
0.12712385104491045,52962758.91364271,0.1772,-0.53530773,1.34551105,-6.07509502,20.38801742,7.24458364,-14.57666148,1281816486.0945516,0.0456,2669600871.94,2021-11-14T08:47:06.000Z
0.014865983439647738,2039549.76266389,-8.8196,-0.35244844,-2.4850701,-3.79198918,-20.83171452,-25.818883,25.82395327,1264522637.6169055,0.045,1264522637.62,2021-11-14T08:47:03.000Z
2.4298457815112875,29640549.13021059,-9.4193,-0.95899651,1.76790916,-6.30790485,21.04327686,11.91621095,43.47924963,1224834153.9433632,0.0436,2578128677.86,2021-11-14T08:47:05.000Z
1.0001099406010547,162401478.0425825,22.4323,0.01224935,-0.13192301,0.00208083,0.05314709,-0.00144343,0.03089873,1220292981.6838038,0.0435,1220292981.68,2021-11-14T08:47:06.000Z
0.10059226101201788,55853567.87874199,-30.7473,-0.92593011,-1.10233733,-7.62224996,7.44616964,-8.52806194,-11.69257108,1206913765.552049,0.043,2112437481.25,2021-11-14T08:47:06.000Z
32964.21490147892,121256980.91736746,-28.3165,-0.08502985,0.69939536,-2.39849562,-7.47128195,-8.8688211,-19.95033239,1207733715.9903839,0.043,1208665903.58,2021-11-14T08:47:08.000Z
17.542478836619903,33347713.58514957,-76.984,-0.90421519,-0.59225938,0.27431903,-1.02916219,2.71465123,22.31735444,1205168296.0757873,0.0429,2631371825.49,2021-11-14T08:46:09.000Z
7.956052189890991,8287200.61319822,-45.1484,-0.98822403,5.37183507,-12.04881801,60.49999234,305.87044276,400.35789679,1191941758.7905653,0.0424,1512963142.05,2021-11-14T08:47:06.000Z
66.32464667603837,25533157.64154296,-1.2282,-0.72818467,1.46843968,3.99868819,-5.31477623,-1.96734165,-3.81520925,1161604793.9515588,0.0414,1392817580.2,2021-11-14T08:47:03.000Z
0.09358026982429035,3909928.97565025,-24.9452,-0.11904571,-0.60893091,-1.7081503,-20.0506529,-27.36405786,-29.58778632,1151506408.5403442,0.041,3528445262.08,2021-11-14T08:47:07.000Z
10.016872775843634,96952454.04567266,2.8081,-1.39650279,4.34093772,-1.33871643,2.68277836,-24.33816467,-22.0906063,1150353025.5638433,0.041,2127825514.78,2021-11-14T08:47:06.000Z
4.773376305244798,3862331.16095005,-6.5681,0.00798693,5.29412658,9.44104838,-15.07253481,-8.5095339,-22.63569939,1140185465.7247994,0.0406,3320638177.49,2021-11-14T08:47:07.000Z
94.57377871111746,60015228.0019947,-37.6825,-0.33405313,-7.14093233,14.22120467,26.77182472,9.89860595,27.98755633,1109926733.2454286,0.0395,1986049352.93,2021-11-14T08:47:08.000Z
0.5948198942715587,203117785.53802526,-0.9323,0.21437961,1.30268196,16.52093342,120.11152682,109.25020979,212.56876436,1092268395.7129242,0.0389,2265094181.01,2021-11-14T08:47:04.000Z
0.019675853258027634,13457850.36448015,-16.2614,-0.66048689,0.80778085,-6.79237084,-9.92773997,2.48837743,-2.96391283,1082705345.4158423,0.0385,1967585325.8,2021-11-14T08:47:05.000Z
64106.78460843986,2073931.70520294,-74.8057,-0.05820207,1.25398994,3.8459457,8.71297679,35.86935106,35.58489659,1078655674.7177293,0.0384,878134735.57,2021-11-14T08:47:07.000Z
4.517419117280189,38576819.01588594,-27.1057,-0.09132889,-1.24409103,3.01006033,12.83143591,9.0416189,4.71102049,1070763688.3443794,0.0381,1070763688.34,2021-11-14T08:47:08.000Z
1.2529258625790154,74567036.129938,-46.4241,-1.45229684,-4.13370489,3.80630187,26.36478493,19.54315996,17.00855492,1059343873.7709167,0.0377,1252925862.58,2021-11-14T08:46:09.000Z
16.545714402169203,75813767.2237085,-36.586,0.98925919,1.79542202,23.918495,57.42259616,46.63135683,32.71050402,1054365885.5630052,0.0375,1673972448.55,2021-11-14T08:47:07.000Z
0.12214481787443877,118998293.64347336,-37.5738,-0.87640562,-4.00264403,-6.1495774,42.12425009,20.39985524,13.50744874,997055857.8277328,0.0355,1221448178.74,2021-11-14T08:47:08.000Z
1.7639490714653576e-06,64105823.22932789,25.4715,-0.21624513,6.63519949,-5.41537863,616.56701271,2890.44770442,2157.97330991,983451022.5870343,0.035,1763949071.47,2021-11-14T08:47:04.000Z
0.019590604665263477,45682726.20262958,-24.6811,-0.59058345,-0.36655445,-1.39408992,9.4886862,3.7932921,-0.85273835,967247570.4712828,0.0344,967247570.47,2021-11-14T08:47:03.000Z
1.0960762663625592,129717202.37664893,14.4886,-0.46808004,4.73150387,3.67049139,18.49414626,8.17205249,-3.44305868,959340230.4015272,0.0342,1096076266.36,2021-11-14T08:47:06.000Z
1.0002391022484602,3941958.63440431,-6.695,0.03500191,-0.11838833,0.02353311,0.08469519,-0.01133117,0.05018167,945869045.4632208,0.0337,945869045.46,2021-11-14T08:47:04.000Z
7.029606700138587,116044419.41350293,-8.785,-0.42932518,0.23469955,-9.2136492,-6.94280557,-33.96498967,1.75285352,936567020.388997,0.0333,71427833680.11,2021-11-14T08:47:03.000Z
0.06237506795022647,42903473.56076401,-35.391,-0.78904335,-5.00544531,17.8582581,30.69307104,7.27031416,-11.63484631,925658056.2338227,0.033,1309876426.95,2021-11-14T08:47:03.000Z
0.9123960155216941,37348518.45438565,-42.3841,-0.50130491,1.07261488,-3.63514144,-11.32819809,-1.21309728,72.19503055,910355944.5786306,0.0324,912396015.52,2021-11-14T08:47:06.000Z
1.5786527899608478,23708057.79404223,-38.4274,-0.18928528,0.57018128,32.03539032,60.9228006,149.32964924,89.57541443,875527093.1565299,0.0312,4735958369.88,2021-11-14T08:47:05.000Z
0.04757291892602715,93571211.59229417,40.5882,-0.40265714,-0.19087634,-5.37558283,-6.75170349,-37.89249226,40.70312055,861056494.589385,0.0307,4281562703.34,2021-11-14T08:47:05.000Z
0.02996799158351988,80777425.3462673,87.4375,-1.04256045,10.5983103,7.29107858,98.10683059,88.23585733,101.17553848,856237788.2515721,0.0305,1032150097.06,2021-11-14T08:46:09.000Z
0.35971480760665747,30786748.79376985,-24.4771,-0.01558968,1.97668379,-7.62901211,7.67484855,-19.01937363,-2.89305623,855285200.8617312,0.0305,2518003653.25,2021-11-14T08:47:07.000Z
11.216641711358529,80305704.62566382,-25.917,-0.20893108,0.95526242,-9.65269704,11.10715863,-18.76399801,66.01302384,847083847.4551504,0.0302,6225236149.8,2021-11-14T08:47:05.000Z
14.869013830790873,133049092.7506345,-14.7672,-0.65341332,1.90015718,-10.63852625,-34.7127847,21.67892949,0,837682561.1457106,0.0298,14869013830.79,2021-11-14T08:46:10.000Z
0.06339557676385504,42356373.0652714,-14.8345,-0.37299601,-6.41284112,1.3297454,116.21528667,41.17569466,477.17067107,814304852.5816607,0.029,885064059.97,2021-11-14T08:46:08.000Z
0.38088636423374533,13760558.27051741,-4.4909,-0.43963502,18.30548041,0.11117617,156.00035022,164.06019355,691.30666057,809147626.9785434,0.0288,809147626.98,2021-11-14T08:47:07.000Z
348.4340907945932,23320938.05676694,-35.9835,0.33004093,0.72880709,-10.94795223,38.8888161,-15.92641772,0,805744078.8079545,0.0287,3484340907.95,2021-11-14T08:47:03.000Z
2.753103635928724,8271213.89207432,-20.4319,-0.60573753,-8.36610802,11.50179317,12.23492223,9.46969374,-38.64882153,766690396.4161098,0.0273,769184038.79,2021-11-14T08:47:08.000Z
5.731066647127888,35946579.03675465,-21.9751,-0.23091295,-1.45973541,1.12524157,6.0671712,2.62935336,-10.86093202,763654871.8523111,0.0272,763654876.45,2021-11-14T08:47:06.000Z
4.206259119013965,150749301.76831436,15.2596,-0.2651282,1.3458005,-4.59861521,35.99533368,34.27942235,31.74755601,758649821.7808096,0.027,6309388678.52,2021-11-14T08:46:09.000Z
0.7530777408472606,7577408.79957038,162.6461,1.39143021,11.27747531,17.27500958,16.14333523,6.52997375,0.94233479,753077740.8472606,0.0268,753077740.85,2021-11-14T08:47:06.000Z
2.026474981885479,14428853.36533277,17.1119,1.05669924,1.63290837,-10.7705578,242.74174892,392.9546819,402.89834167,737304844.1566098,0.0262,1013237490.94,2021-11-14T08:47:06.000Z
1.0438396632105102,1523233263.8528578,2775.157,-0.1990003,20.98380943,14.25407848,-53.56272382,219.77193472,245.13827433,725729525.8471073,0.0258,4055724274.64,2021-11-14T08:47:08.000Z
0.11836060900061013,82594544.29775815,-29.6419,0.20467206,-0.05842878,5.54508781,-13.78954639,24.46475202,135.89386186,716816935.6327649,0.0255,1183606090.01,2021-11-14T08:47:08.000Z
459.6093634245776,6171292.10038095,8.9025,-0.77332678,-2.26108457,-7.51656839,41.38991333,60.27702807,120.01500435,691522273.2868949,0.0246,4596093634.25,2021-11-14T08:47:07.000Z
0.8955075804350631,32870520.14484097,-42.8069,-0.54462464,-2.29735322,-10.63547275,-32.75247518,-47.13103656,-35.69210211,680070318.2398019,0.0242,895507580.44,2021-11-14T08:47:04.000Z
0.006734655710575565,1051201587.5979632,-14.0123,-0.14456518,-0.22387398,-3.70014772,21.15754036,34.78337641,-10.23363134,666783386.4149784,0.0237,673465571.06,2021-11-14T08:46:09.000Z
0.8537459287241724,148172274.66251007,261.7564,-0.37378771,-2.68453572,0.67604027,18.84996914,-3.5037973,60.77721005,636991517.519156,0.0227,984366985.49,2021-11-14T08:47:07.000Z
1.7066067602532515,293923316.915918,-22.2638,-0.64645515,-3.06928158,3.36061561,34.68646852,22.14612432,24.95087247,599750153.2331015,0.0214,725307869.69,2021-11-14T08:46:08.000Z
0.9518856703484453,49514104.06382924,12.7193,-0.91141944,4.16819998,1.03265427,18.242909,13.8140878,25.75951762,583600286.8187598,0.0208,1342158795.19,2021-11-14T08:46:10.000Z
0.7483308563819414,2269221.40045874,-2.3404,-0.5537682,0.94989597,-0.72038299,30.76274865,10.05765653,288.97869248,581460385.0757859,0.0207,1122496284.57,2021-11-14T08:47:06.000Z
2.647035452012115,25537590.68190405,-47.1756,-0.29739899,0.99842372,106.26197486,560.94646736,450.30865976,1898.45846395,580000255.5363965,0.0207,1164695598.89,2021-11-14T08:46:09.000Z
0.04366367685119161,36065727.84942207,-5.0496,1.39743613,5.27595764,1.92193033,31.85024707,13.82585353,-3.65376446,574613941.2231475,0.0205,4366367685.12,2021-11-14T08:46:09.000Z
5.64168232325934,87040962.09018068,-8.2789,-0.6058984,0.39848571,-1.18537118,-1.57108881,-10.80528754,-14.84432237,567694283.777971,0.0202,849940293.66,2021-11-14T08:47:08.000Z
0.9828421985265176,5404742.07466551,-17.065,0.29821562,0.30206893,0.08693273,-0.30894416,-0.81913257,-1.50583215,562920505.3014302,0.02,562921080.49,2021-11-14T08:46:10.000Z
1.1575464650917717,189388692.77121302,-9.11,-3.56353342,-3.5136801,38.77197171,80.13278505,72.68854782,45.81135885,558756867.1882886,0.0199,1157546465.09,2021-11-14T08:47:05.000Z
0.0007109274707218242,183154449.44014058,-19.7068,-0.31730197,-3.09362235,-2.11141833,26.47893603,33.17472335,-4.89113906,544677081.6928147,0.0194,710216543.25,2021-11-14T08:47:03.000Z
7.026374515527975,11284476.06491819,-30.7814,-3.40220897,-4.30430036,1.97386214,69.15335373,40.93932682,48.66984163,539914485.7103596,0.0192,2107912354.66,2021-11-14T08:47:04.000Z
1.1768737494770223,22221811.50574661,-60.0573,-1.23828281,0.68623593,-0.38699339,14.26679754,-1.58658876,12.83171483,525274208.89017177,0.0187,1176873749.48,2021-11-14T08:47:03.000Z
0.5233909436457417,8210115.91224599,-44.2682,-0.08668079,-0.95319881,-7.27426144,-1.80485732,1.86888,20.5086466,523390943.6457417,0.0186,523390943.65,2021-11-14T08:47:06.000Z
11.872870670220703,32161412.4058195,-23.2335,-0.31813868,-2.8465274,-17.87688909,2.36368237,4.44874748,24.07343637,518316738.72401273,0.0185,1187287067.02,2021-11-14T08:47:03.000Z
0.03138932980197161,49662085.90972153,-58.095,-2.51885022,-3.96059847,32.36306117,28.90950274,31.0850354,-10.37077983,517464884.9580154,0.0184,519650354.87,2021-11-14T08:47:07.000Z
1.1838792114077523,301458479.32783955,-44.5688,-0.90360912,-3.2329665,34.33087457,270.36024643,261.26844665,186.56131665,508857922.3377886,0.0181,1183879211.41,2021-11-14T08:46:09.000Z
0.03124358745531056,57251502.54061367,-4.0123,-0.45403877,0.272299,-10.29175247,35.58767795,30.06577326,38.01862332,499071074.25784796,0.0178,497835939.95,2021-11-14T08:47:08.000Z
0.6747513480642584,27610429.77172742,11.5215,1.7513937,15.42029933,168.14659811,5032.7875787,4372.35163013,12122.88420926,497659793.5593055,0.0177,674751348.06,2021-11-14T08:46:09.000Z
0.6515816057003178,12342320.23768863,2.659,-0.18881397,0.43332782,-4.08510112,-6.77050799,-6.77064628,107.33487028,496308929.11875004,0.0177,651581605.7,2021-11-14T08:47:06.000Z
2.5352016565575037,203260185.97150293,74.4737,-1.14646565,2.07496856,5.7161653,9.0262795,-10.59130459,-28.00748,488707752.2145661,0.0174,607464952.29,2021-11-14T08:47:04.000Z
1.5207260742917452,41185526.98845685,-5.8648,-1.00776606,-0.51321262,-1.28162974,24.26340011,27.68408306,0.08823579,483358095.8692792,0.0172,1478571550.55,2021-11-14T08:47:03.000Z
1.1722007346716894,2095932.37777789,-54.8353,0.2882929,-0.60481121,-3.18330902,1.65785615,62.86991711,150.83633232,478867862.6037408,0.017,2219002511.78,2021-11-14T08:46:09.000Z
0.6921765833218896,302739815.0935596,185.0446,2.16546396,14.14478478,37.89791201,70.63606812,84.64668041,73.29046534,478079502.3214675,0.017,692176583.32,2021-11-14T08:46:10.000Z
0.6629849465324007,46703620.68389531,-52.5752,-0.30862004,-4.31949628,24.23719974,82.20545652,65.20132786,59.14988347,464089462.5726805,0.0165,662984946.53,2021-11-14T08:47:08.000Z
3.517982912333454,15124783.09209215,-76.6302,-0.34162326,-2.02389321,1.56901735,5.76460747,-1.34653531,-25.58940961,453469561.220528,0.0161,509469968.8,2021-11-14T08:47:04.000Z
0.5213989425144053,70064699.80597278,40.3187,-0.29191588,4.63991974,-5.05834153,1.90352,63.93782775,127.98828773,452924723.7325907,0.0161,1042797885.03,2021-11-14T08:46:10.000Z
44.12047044263022,15227459.10248444,-17.7239,-0.05363182,1.49509744,-2.19209856,3.59670286,-0.85717233,3.86265106,449909219.47708714,0.016,485325174.87,2021-11-14T08:47:08.000Z
0.999446196988094,18080925.69926716,11.754,0.44858708,-0.24353832,0.23307882,0.7427021,-0.48997463,-0.58436728,424760813.62559754,0.0151,425880747.96,2021-11-14T08:47:06.000Z
2.1805757574918685,78494192.6706837,18.9753,-0.91463102,5.83774118,3.19455775,5.78104942,1.40694961,-20.13414006,422005708.5342904,0.015,631867161.67,2021-11-14T08:46:10.000Z
36.85493092989136,14610656.81747296,-17.0539,-1.23371563,-1.47442224,1.4899938,-19.91059125,93.77257248,44.37290705,420920639.890384,0.015,552823963.95,2021-11-14T08:47:08.000Z
0.009967849416056471,28231199.08501737,49.9411,-0.06676781,-3.13001394,-11.51624459,6.97882533,0.84394249,-31.39268183,420702121.2675548,0.015,420702121.27,2021-11-14T08:46:10.000Z
1.133919047192628,52984044.64347826,-45.9333,-0.87317619,-7.85448132,13.27869039,42.71627344,10.14457903,4.10461739,398930358.39154285,0.0142,1133919047.19,2021-11-14T08:46:11.000Z
2.0365247579491546,3814638.47088151,-23.6658,-0.39092609,-0.71952276,1.41197629,-10.99583457,-5.67271285,-30.70255552,379797403.8629697,0.0135,427670199.17,2021-11-14T08:47:04.000Z
1.326910622807083,8613600.8735509,-52.2832,-2.31124591,-0.47607925,29.77863832,137.97443076,62.49641111,78.83425261,375230725.85168284,0.0134,1326910622.81,2021-11-14T08:47:03.000Z
0.06916588139559246,7781275.78772866,-32.1956,0.14469951,0.31882982,-3.30519217,3.45268549,-6.06986905,-16.43713116,372278518.87274164,0.0133,532411181.35,2021-11-14T08:47:04.000Z
4.445864088939673,19550653.58209969,1.2504,-1.8069355,1.96050154,-7.15862083,-5.07670666,7.92605137,3.18900026,355983864.23314935,0.0127,386789219.82,2021-11-14T08:47:07.000Z
0.308325851151885,11485256.96027391,-31.599,0.2170223,-0.05342398,-8.14792133,-3.76492601,17.34039122,-13.67102011,353038106.1198477,0.0126,353038106.12,2021-11-14T08:47:04.000Z
33.74318597060784,40196435.77774867,138.6125,0.10551871,8.15295126,4.97305021,5.31257051,62.29810055,26.28322683,347077302.12612784,0.0124,708606905.38,2021-11-14T08:47:08.000Z
0.389175885331799,136214028.2675436,56.2333,0.82604909,4.40047028,10.79752299,116.06314527,103.05002486,78.95661559,345754914.4863816,0.0123,469248823.74,2021-11-14T08:47:08.000Z
0.5071801610310773,2012018.57443246,-13.1066,-0.1085712,-3.66122234,-16.65339843,21.94149833,-0.49643578,12.5850562,335050961.0469093,0.0119,395912580.37,2021-11-14T08:47:07.000Z
0.22273916903550106,49758567.52746645,-50.8982,-1.82456115,-6.45861928,15.57853046,9.60143955,-6.97749285,115.39481888,334108753.55325156,0.0119,2227391690.36,2021-11-14T08:47:06.000Z
1655.3249974201979,369036218.7698634,-45.4582,-2.03349123,-15.74365947,400.4336539,405.2615218,275.25384338,1014.50079631,331066654.80903697,0.0118,333784698.45,2021-11-14T08:47:05.000Z
14.27602445595199,132632911.25701691,-36.3333,-0.60401489,-2.56948039,-0.04149823,20.72042745,12.52270858,1.74322516,328348562.4868958,0.0117,1427602445.6,2021-11-14T08:47:07.000Z
0.03881439001952452,18543336.47890817,-51.6893,-1.72064865,0.06856867,12.47640107,41.34824354,390.49467077,652.03864258,326815742.9825962,0.0116,476656519.65,2021-11-14T08:47:04.000Z
1872.7634045045397,11249580.28020144,-28.7646,0.02286658,-0.06296332,2.85927893,4.42671439,3.75837492,5.26906287,325149064.3059837,0.0116,325149064.31,2021-11-14T08:47:08.000Z
0.8202748542382859,17467076.1346335,72.0858,-0.53119585,0.90981737,0.36259659,6.02590143,9.77253289,68.48851679,324427616.5518572,0.0115,324427616.55,2021-11-14T08:47:05.000Z
0.09330216617642824,9133685.73424122,-28.294,-0.22665687,0.27656149,-1.5776983,4.76659468,-1.48418056,-10.5479399,323803655.10057616,0.0115,634909127.78,2021-11-14T08:47:08.000Z
0.32057227953353096,8355433.82720808,-16.6218,0.24222429,0.24514805,-5.80133351,-1.03147315,-5.58776621,13.77047366,320251545.36499625,0.0114,320251545.36,2021-11-14T08:47:05.000Z
0.4710862245995844,26511873.71955997,-31.3729,0.08703601,1.00438886,-4.23583003,-0.6036276,-6.79431441,34.15365915,315627770.4817215,0.0112,471086224.6,2021-11-14T08:46:09.000Z
2.081444358857881,659506.30048852,-10.3356,-3.06587417,-5.19655512,-1.71876076,-3.7431045,-35.46489839,-2.287945,312216652.2540557,0.0111,312216653.83,2021-11-14T08:47:08.000Z
1.174871187730264,8098630.01893911,-13.6597,-0.16504993,0.82459815,-3.48816373,2.16011694,5.17282056,25.74596887,311455473.8003151,0.0111,1174871187.73,2021-11-14T08:47:03.000Z
8.80283197817504,44867329.46838202,17.746,-0.89932786,2.42374097,-4.92858424,12.23081219,-9.93907562,1.58175797,309787687.2690119,0.011,880283197.82,2021-11-14T08:47:07.000Z
0.12110852371985749,18315909.05307213,-21.9339,-1.21658945,1.97962104,3.43516314,6.00975269,-6.42913995,-5.85715107,305417254.29438,0.0109,1268351009.16,2021-11-14T08:46:09.000Z
18.380236182449277,9811727.669325,-19.3328,1.01439063,1.3075762,-2.52560757,1.50214564,-1.50215895,-8.71985388,302354885.2012906,0.0108,353819546.51,2021-11-14T08:47:02.000Z
9.433353517151794,2491096.78681171,10.0919,0.1162778,0.29020952,2.46147192,-5.40062695,-45.14220376,-21.76865166,301984550.26636857,0.0108,922015255.83,2021-11-14T08:47:08.000Z
0.030012253536157583,12095877.96707841,-25.2796,-0.6080006,0.38778115,-9.09857922,-2.40035607,-10.9147017,-0.7943116,300122535.36157584,0.0107,300122535.36,2021-11-14T08:47:04.000Z
9.875886731595262,2108667.04475328,9.5686,-0.16905748,3.45085062,-1.27116205,-15.50226782,-7.00123631,-4.60136549,296890269.7975857,0.0106,987588673.16,2021-11-14T08:47:04.000Z
0.2962871295530601,6560745.10408068,-13.2695,-0.7436606,-2.0311101,-9.52975507,-13.67153046,-33.58590448,1.62893522,296287129.55306005,0.0105,296287129.55,2021-11-14T08:47:05.000Z
0.23309259773073224,3002150.2346901,18.4522,-0.23583281,2.70929191,-0.85049099,16.53483566,-26.25218811,-14.9537237,295307793.1031237,0.0105,860948181.54,2021-11-14T08:46:09.000Z
0.5404867615885561,11770159.49280306,-35.5798,-0.12310044,0.1205151,-6.44508107,-11.04101982,-27.95039449,81.97160068,294284340.0397743,0.0105,540486761.59,2021-11-14T08:47:04.000Z
0.06560871415550588,76799515.94113506,12.2792,-0.83810173,7.45699544,-10.89268468,22.57558279,78.63234095,204.89905879,293283112.5753026,0.0104,679474463.05,2021-11-14T08:46:09.000Z
24.68896259390503,14557934.31558358,-45.1578,-0.15149811,0.16056229,-8.88486757,-11.98180712,-28.55520575,-34.61337406,283359075.1684127,0.0101,739699416.32,2021-11-14T08:47:03.000Z
0.12495523341758494,7308681.23026793,-40.2465,-0.56246341,-0.90156644,-0.73997287,3.54248851,-12.5095501,25.44942194,278643987.51151526,0.0099,1249552334.18,2021-11-14T08:46:08.000Z
2.0758701411944083,6244251.78316317,-53.1684,0.11779079,-0.97114634,-2.11460178,-1.6359757,-18.85832029,-9.80850956,271473402.8067323,0.0097,271473402.81,2021-11-14T08:47:05.000Z
