id,name,symbol,slug,num_market_pairs,date_added,max_supply,circulating_supply,total_supply,platform,cmc_rank,last_updated,price,volume_24h,volume_change_24h,percent_change_1h,percent_change_24h,percent_change_7d,percent_change_30d,percent_change_60d,percent_change_90d,market_cap,market_cap_dominance,fully_diluted_market_cap,last_updated
1027,Ethereum,ETH,ethereum,4522,2015-08-07T00:00:00.000Z,,118335585.1,118335585.1,,2,2021-11-14T08:47:02.000Z,4592.131684,13826968037,-18.6548,-0.3439494,-0.8802668,1.01851648,21.47258246,34.77192786,40.29952019,5.43E+11,19.3497,5.43E+11,2021-11-14T08:47:02.000Z
1839,Binance Coin,BNB,binance-coin,553,2017-07-25T00:00:00.000Z,166801148,166801148,166801148,,3,2021-11-14T08:47:08.000Z,638.7648062,2144470068,3.6649,-0.93580929,1.77043815,-3.98074038,39.25079626,50.85888043,50.09187582,1.07E+11,3.7939,1.07E+11,2021-11-14T08:47:08.000Z
825,Tether,USDT,tether,19181,2015-02-25T00:00:00.000Z,,73859886039,76357051672,"{'id': 1027, 'name': 'Ethereum', 'symbol': 'ETH', 'slug': 'ethereum', 'token_address': '0xdac17f958d2ee523a2206206994597c13d831ec7'}",4,2021-11-14T08:46:09.000Z,1.000410351,64444462769,-14.8436,0.02171759,-0.11361073,-0.03865709,0.06649677,-0.00164614,-0.00127185,73890194546,2.6306,76388384896,2021-11-14T08:46:09.000Z
5426,Solana,SOL,solana,181,2020-04-10T00:00:00.000Z,,303212632.2,508992882.5,,5,2021-11-14T08:47:05.000Z,235.3130342,2235358462,-12.3607,-0.38717893,3.75221593,-6.14700492,44.53390434,44.83938794,284.4006838,71349884503,2.5401,1.20E+11,2021-11-14T08:47:05.000Z
2010,Cardano,ADA,cardano,303,2017-10-01T00:00:00.000Z,45000000000,33298775298,33719282563,,6,2021-11-14T08:46:10.000Z,2.032312103,1900838880,-25.0457,-0.25350441,-1.401763,2.48800684,-6.233961,-14.95662153,-6.55610617,67673504054,2.4092,91454044636,2021-11-14T08:46:10.000Z
52,XRP,XRP,xrp,628,2013-08-04T00:00:00.000Z,1.00E+11,47158974920,99990145360,,7,2021-11-14T08:47:03.000Z,1.18001006,2713585060,-22.4057,-0.43511251,-1.26447283,1.00296946,5.3947888,8.08481183,-7.96541165,55648064834,1.9811,1.18E+11,2021-11-14T08:47:03.000Z
6636,Polkadot,DOT,polkadot-new,252,2020-08-19T00:00:00.000Z,,987579315,1103303471,,8,2021-11-14T08:47:06.000Z,46.08443891,1173921946,-30.4278,-0.74630112,0.04299477,-13.31375229,14.86012801,25.246475,90.69172484,45512038612,1.6198,50845121430,2021-11-14T08:47:06.000Z
74,Dogecoin,DOGE,dogecoin,408,2013-12-15T00:00:00.000Z,,1.32E+11,1.32E+11,,9,2021-11-14T08:47:03.000Z,0.267852953,1041072044,-22.5036,2.66211885,4.03509039,2.94547016,17.48664759,10.73401315,-20.80588366,35387012863,1.2598,35387012863,2021-11-14T08:47:03.000Z
3408,USD Coin,USDC,usd-coin,1537,2018-10-08T00:00:00.000Z,,34424351584,34424351584,"{'id': 1027, 'name': 'Ethereum', 'symbol': 'ETH', 'slug': 'ethereum', 'token_address': '0xa0b86991c6218b36c1d19d4a2e9eb0ce3606eb48'}",10,2021-11-14T08:47:05.000Z,1.000425236,2657019746,-24.6708,0.05519693,-0.07025063,0.02498158,0.0727921,0.0272239,0.06766062,34438990073,1.2263,34438990073,2021-11-14T08:47:05.000Z
5994,SHIBA INU,SHIB,shiba-inu,158,2020-08-01T00:00:00.000Z,,5.49E+14,5.90E+14,"{'id': 1027, 'name': 'Ethereum', 'symbol': 'ETH', 'slug': 'ethereum', 'token_address': '0x95ad61b0a150d79219dcf64e1e6cc01f0b64c4ce'}",11,2021-11-14T08:46:10.000Z,5.25E-05,2407811202,-2.4643,0.27609882,1.97877084,-6.86314305,114.29078,690.4683502,507.6889958,28840010352,1.0267,30974716238,2021-11-14T08:46:10.000Z
4172,Terra,LUNA,terra-luna,102,2019-07-26T00:00:00.000Z,,454339437.7,931574045.2,,12,2021-11-14T08:47:03.000Z,51.16733463,573212943.5,-16.2722,-0.36715822,3.79609551,-1.6986611,39.98945895,39.01917057,133.3859567,23247338042,0.8276,47666160903,2021-11-14T08:47:03.000Z
5805,Avalanche,AVAX,avalanche,111,2020-07-13T00:00:00.000Z,720000000,220286577.2,391128418.9,,13,2021-11-14T08:47:07.000Z,97.20559884,1440121563,129.8941,-0.51626113,11.00960287,15.40477455,73.45153204,79.48902962,404.4432208,21413088654,0.7625,69988031165,2021-11-14T08:47:07.000Z
2,Litecoin,LTC,litecoin,679,2013-04-28T00:00:00.000Z,84000000,68970557.59,84000000,,14,2021-11-14T08:47:02.000Z,250.7171494,2691523849,-36.1951,-0.91463261,0.53299748,26.20478418,39.13642034,37.88768346,35.44322651,17292101595,0.6157,21060240553,2021-11-14T08:47:02.000Z
1975,Chainlink,LINK,chainlink,474,2017-09-20T00:00:00.000Z,1000000000,465509553.9,1000000000,"{'id': 1027, 'name': 'Ethereum', 'symbol': 'ETH', 'slug': 'ethereum', 'token_address': '0x514910771af9ca656af840dff83e8264ecf986ca'}",15,2021-11-14T08:46:10.000Z,33.61939959,777046083.9,-29.8782,-0.47085588,-0.36009014,4.94617634,27.12653743,10.44055151,14.52135955,15650151705,0.5572,33619399588,2021-11-14T08:46:10.000Z
3717,Wrapped Bitcoin,WBTC,wrapped-bitcoin,171,2019-01-30T00:00:00.000Z,,239132.0816,239132.0816,"{'id': 1027, 'name': 'Ethereum', 'symbol': 'ETH', 'slug': 'ethereum', 'token_address': '0x2260fac5e5542a773aa44fbcfedf7c193bc2c599'}",16,2021-11-14T08:47:07.000Z,65394.01688,98674810.03,-26.0629,-0.38268,0.81694309,5.87083934,10.656039,38.58184191,38.33181702,15637807378,0.5567,15637807378,2021-11-14T08:47:07.000Z
7083,Uniswap,UNI,uniswap,284,2020-09-17T00:00:00.000Z,1000000000,627596088.6,1000000000,"{'id': 1027, 'name': 'Ethereum', 'symbol': 'ETH', 'slug': 'ethereum', 'token_address': '0x1f9840a85d5af5bf1d1762f925bdaddc4201f984'}",17,2021-11-14T08:46:10.000Z,24.45270615,163237864.4,-41.2291,-0.76256251,0.35980524,-2.62876773,-5.51859857,-2.81899412,-20.1138604,15346422734,0.5465,24452706150,2021-11-14T08:46:10.000Z
4687,Binance USD,BUSD,binance-usd,1532,2019-09-20T00:00:00.000Z,,13541249920,13541249920,"{'id': 1839, 'name': 'Binance Chain (BEP2)', 'symbol': 'BNB', 'slug': 'binance-coin', 'token_address': 'BUSD-BD1'}",18,2021-11-14T08:47:07.000Z,1.000217177,4808864353,-20.6671,0.21058853,-0.08650847,0.02360694,0.05980738,-0.00263191,0.0396613,13544190767,0.4823,13544190767,2021-11-14T08:47:07.000Z
1831,Bitcoin Cash,BCH,bitcoin-cash,525,2017-07-23T00:00:00.000Z,21000000,18900131.25,18900131.25,,19,2021-11-14T08:46:09.000Z,665.2137774,950769483.4,-19.6174,-0.59461462,0.62432434,12.86674304,8.46508775,4.18806734,-4.56076535,12572627702,0.4476,13969489326,2021-11-14T08:46:09.000Z
4030,Algorand,ALGO,algorand,157,2019-06-20T00:00:00.000Z,10000000000,6248821590,6710401321,,20,2021-11-14T08:46:11.000Z,1.985339755,649408604.7,-50.213,-0.23451781,-3.74041482,8.38825295,12.73487631,-3.33672965,98.37004118,12406033921,0.4418,19853397546,2021-11-14T08:46:11.000Z
3890,Polygon,MATIC,polygon,255,2019-04-28T00:00:00.000Z,10000000000,6902890164,10000000000,,21,2021-11-14T08:46:08.000Z,1.725835521,681937619.3,-12.3466,-0.59085793,0.6191674,-7.36831709,7.87366958,27.10405544,12.68286098,11913253043,0.4242,17258355209,2021-11-14T08:46:08.000Z
3077,VeChain,VET,vechain,149,2017-08-22T00:00:00.000Z,86712634466,64315576989,86712634466,,22,2021-11-14T08:47:02.000Z,0.157974169,496345680.9,-18.4366,-0.77457927,-0.57744009,0.54326876,37.80379679,34.01334537,14.67028327,10160199838,0.3616,13698356384,2021-11-14T08:47:02.000Z
3635,Crypto.com Coin,CRO,crypto-com-coin,108,2018-12-14T00:00:00.000Z,30263013692,25263013692,30263013692,"{'id': 1027, 'name': 'Ethereum', 'symbol': 'ETH', 'slug': 'ethereum', 'token_address': '0xa0b73e1ff0b80914ab6fe0444e65848c4c34450b'}",23,2021-11-14T08:47:06.000Z,0.402126489,545058372.6,147.5038,-1.57748787,2.81783895,21.10054039,115.5592528,116.7523956,163.3497329,10158927010,0.3617,12169559457,2021-11-14T08:47:06.000Z
6783,Axie Infinity,AXS,axie-infinity,132,2020-08-31T00:00:00.000Z,270000000,60907500,270000000,"{'id': 1027, 'name': 'Ethereum', 'symbol': 'ETH', 'slug': 'ethereum', 'token_address': '0xbb0e17ef65f82ab018d8edd776e8dd940327b28b'}",25,2021-11-14T08:47:07.000Z,141.9842012,372941330,-23.5898,-0.24183529,-0.97575388,-8.77015713,10.75154499,110.9174365,107.5855615,8647902732,0.3079,38335734314,2021-11-14T08:47:07.000Z
8916,Internet Computer,ICP,internet-computer,80,2021-03-23T00:00:00.000Z,,182112478.5,474655608.6,,26,2021-11-14T08:47:08.000Z,47.40116036,292970808.3,-3.2448,-0.96454574,2.35515523,-3.74617941,13.0863998,-18.37708706,-27.45523684,8632342794,0.3074,22499226619,2021-11-14T08:47:08.000Z
1958,TRON,TRX,tron,486,2017-09-13T00:00:00.000Z,,71659657369,1.01E+11,,27,2021-11-14T08:46:09.000Z,0.110991346,2954385841,4.2681,-0.03111293,-0.48633862,8.09299601,15.01621125,-4.56900726,18.43414586,7953601858,0.2832,11193559847,2021-11-14T08:46:09.000Z
2280,Filecoin,FIL,filecoin,150,2017-12-13T00:00:00.000Z,,123045141,123045141,,28,2021-11-14T08:47:04.000Z,62.10876396,346227904.3,-44.3813,-0.88677294,-1.23801278,1.05677716,-6.70054925,-27.26348085,-16.13923355,7642181619,0.272,7642181619,2021-11-14T08:47:04.000Z
1321,Ethereum Classic,ETC,ethereum-classic,257,2016-07-24T00:00:00.000Z,210700000,130979049.9,210700000,,29,2021-11-14T08:47:04.000Z,55.51162879,720987104.3,-20.6662,-0.27470065,-0.62743933,5.04572085,4.24820897,-4.71441331,-24.17885976,7270860395,0.2589,11696300185,2021-11-14T08:47:04.000Z
3794,Cosmos,ATOM,cosmos,188,2019-03-14T00:00:00.000Z,,224532559.4,282317162.4,,30,2021-11-14T08:47:08.000Z,32.2602747,308064364.7,-24.3899,-0.28173509,-0.50901704,-10.42413967,-1.84186953,-5.10057694,100.5458377,7243482046,0.2578,9107629212,2021-11-14T08:47:08.000Z
2416,THETA,THETA,theta,80,2018-01-17T00:00:00.000Z,1000000000,1000000000,1000000000,,31,2021-11-14T08:47:06.000Z,7.052386532,167781594.9,-29.3959,-0.42806114,-1.55148401,-4.61254017,18.09984937,1.24866372,-12.09191366,7052386532,0.2511,7052386532,2021-11-14T08:47:06.000Z
4023,Bitcoin BEP2,BTCB,bitcoin-bep2,54,2019-06-18T00:00:00.000Z,,105109.8694,112501,"{'id': 1839, 'name': 'Binance Chain (BEP2)', 'symbol': 'BNB', 'slug': 'binance-coin', 'token_address': 'BTCB-1DE'}",32,2021-11-14T08:46:10.000Z,64170.2626,27970424.07,-25.0415,-0.90453074,0.06735831,2.79030578,8.45357584,36.33355376,35.81403125,6744927922,0.2401,7219218712,2021-11-14T08:46:10.000Z
4195,FTX Token,FTT,ftx-token,86,2019-07-31T00:00:00.000Z,352170015,120014732.2,335885068.3,"{'id': 1839, 'name': 'Binance Chain (BEP2)', 'symbol': 'BNB', 'slug': 'binance-coin', 'token_address': 'FTT-F11'}",33,2021-11-14T08:47:03.000Z,55.63408561,342627397.2,39.6617,-0.63754036,-1.63743196,-11.3409173,-1.01066925,-20.06238634,6.53063476,6676909887,0.2377,19592656765,2021-11-14T08:47:03.000Z
3513,Fantom,FTM,fantom,116,2018-10-29T00:00:00.000Z,3175000000,2545006273,2545006273,,34,2021-11-14T08:47:05.000Z,2.579610363,445407901.8,-37.3368,-0.93050097,-2.16096468,-8.16999723,31.79684348,77.60272343,579.2607637,6565124557,0.2338,8190262904,2021-11-14T08:47:05.000Z
4943,Dai,DAI,multi-collateral-dai,421,2019-11-22T00:00:00.000Z,,6474951714,6474952202,"{'id': 1027, 'name': 'Ethereum', 'symbol': 'ETH', 'slug': 'ethereum', 'token_address': '0x6b175474e89094c44da98b954eedeac495271d0f'}",35,2021-11-14T08:46:09.000Z,0.999428415,245674756.3,-29.7521,0.00426263,-0.1026724,-0.08566022,-0.02781294,-0.1182761,-0.1370561,6471250728,0.2304,6471251217,2021-11-14T08:46:09.000Z
4642,Hedera,HBAR,hedera,70,2019-09-17T00:00:00.000Z,50000000000,15018941582,50000000000,,36,2021-11-14T08:47:07.000Z,0.428830749,117008690.6,-59.4758,-0.26488078,-5.53023585,9.97655269,18.24435894,-18.05290223,67.26850014,6440583973,0.2293,21441537467,2021-11-14T08:47:07.000Z
6892,Elrond,EGLD,elrond-egld,57,2020-09-04T00:00:00.000Z,31415926,19731123.79,22722248,,37,2021-11-14T08:46:09.000Z,319.3774892,95939693.62,-30.1471,0.3232103,-2.30944194,-1.42515383,33.11831438,18.78110569,131.8715326,6301676775,0.2244,10033539567,2021-11-14T08:46:09.000Z
6535,NEAR Protocol,NEAR,near-protocol,70,2020-08-11T00:00:00.000Z,1000000000,546225896,1000000000,,38,2021-11-14T08:47:05.000Z,11.41601456,195716118.3,-29.6521,1.25819643,2.50178444,12.17887185,46.55219024,25.09305671,231.3003284,6235722783,0.222,11416014563,2021-11-14T08:47:05.000Z
1966,Decentraland,MANA,decentraland,188,2017-09-17T00:00:00.000Z,,1816923291,2194003527,"{'id': 1027, 'name': 'Ethereum', 'symbol': 'ETH', 'slug': 'ethereum', 'token_address': '0x0f5d2fb29fb7d3cfee444a200298f468908cc942'}",39,2021-11-14T08:46:09.000Z,3.226674719,3313556378,-59.4789,1.92507384,-13.49683079,16.63244173,331.3110228,283.5271533,264.3917542,5862620451,0.2087,7079335715,2021-11-14T08:46:09.000Z
5665,Helium,HNT,helium,31,2020-06-05T00:00:00.000Z,223000000,102017612.1,223000000,,40,2021-11-14T08:47:07.000Z,53.66311805,58656169.91,-51.1276,3.51791503,3.33216722,33.0540586,147.7409961,160.3702499,185.3870202,5474583161,0.1949,11966875324,2021-11-14T08:47:07.000Z
2011,Tezos,XTZ,tezos,175,2017-10-06T00:00:00.000Z,,866856610.9,895813549.6,,41,2021-11-14T08:46:10.000Z,5.899862564,169724305.1,-11.3436,-0.59580333,3.22132408,-7.05534473,-13.30392702,-20.96744419,54.59815493,5114334867,0.1821,5285176826,2021-11-14T08:46:10.000Z
6719,The Graph,GRT,the-graph,136,2020-12-17T00:00:00.000Z,10057044431,4715735200,10000000000,"{'id': 1027, 'name': 'Ethereum', 'symbol': 'ETH', 'slug': 'ethereum', 'token_address': '0xc944e90c64b2c07662a292be6244bdf05cda44a7'}",42,2021-11-14T08:47:07.000Z,1.075248451,127832922.5,-43.4381,-1.08485738,-2.3760557,-0.72174909,52.52226433,21.14967475,17.34508637,5070586968,0.1806,10813821444,2021-11-14T08:47:07.000Z
328,Monero,XMR,monero,148,2014-05-21T00:00:00.000Z,,18014103.58,18014103.58,,43,2021-11-14T08:47:05.000Z,274.8060433,224048108.7,1.1535,-1.66903656,3.58026765,5.11209574,1.71942585,2.34083857,-1.77800701,4950384530,0.1762,4950384530,2021-11-14T08:47:05.000Z
1765,EOS,EOS,eos,383,2017-07-01T00:00:00.000Z,,971252774.1,1039253186,,44,2021-11-14T08:47:08.000Z,4.934508166,902296146,-20.0594,-0.79077203,0.95427446,10.92449372,8.84249166,1.44290732,-14.50233662,4792654745,0.1706,5128203333,2021-11-14T08:47:08.000Z
7129,TerraUSD,UST,terrausd,108,2020-09-21T00:00:00.000Z,,4697642424,4697642194,,45,2021-11-14T08:46:09.000Z,1.006321241,51750554.04,-43.6673,-0.11635793,0.12947457,0.30623074,0.61494656,0.18115923,0.3829806,4727337356,0.1683,4727337124,2021-11-14T08:46:09.000Z
7186,PancakeSwap,CAKE,pancakeswap,136,2020-09-25T00:00:00.000Z,,242182934.4,242182934.4,"{'id': 1839, 'name': 'Binance Smart Chain (BEP20)', 'symbol': 'BNB', 'slug': 'binance-coin', 'token_address': '0x0e09fabb73bd3ade0a17ecc321fd13a19e81ce82'}",46,2021-11-14T08:47:02.000Z,18.10246812,178202960,-7.7195,-0.83602671,-0.79101886,-10.27365192,-7.13747168,-17.84818527,-17.69549347,4384108850,0.1561,4384108850,2021-11-14T08:47:02.000Z
1934,Loopring,LRC,loopring,135,2017-08-30T00:00:00.000Z,1374513896,1328247995,1373873440,"{'id': 1027, 'name': 'Ethereum', 'symbol': 'ETH', 'slug': 'ethereum', 'token_address': '0xbbbbca6a901c926f240b89eacb641d8aec7aeafd'}",47,2021-11-14T08:46:10.000Z,3.131260092,1617590872,35.1256,-2.46385251,10.51488916,130.4416475,605.3639875,554.5013448,829.8838258,4159089938,0.1481,4303960509,2021-11-14T08:46:10.000Z
7278,Aave,AAVE,aave,245,2020-10-02T00:00:00.000Z,16000000,13243463.32,16000000,"{'id': 1027, 'name': 'Ethereum', 'symbol': 'ETH', 'slug': 'ethereum', 'token_address': '0x7Fc66500c84A76Ad7e9c93437bFc5Ac33E2DDaE9'}",48,2021-11-14T08:47:03.000Z,312.2364707,219225186.5,-15.4653,-0.06901036,0.82434516,-2.35401262,5.33191348,-19.6213317,-27.13573436,4135092246,0.1472,4995783531,2021-11-14T08:47:03.000Z
4558,Flow,FLOW,flow,47,2021-01-27T00:00:00.000Z,,310613212,1378211739,,49,2021-11-14T08:47:06.000Z,12.97248091,98659920.07,-4.497,-0.63961,1.09039796,-5.33515609,-24.71941847,-41.07512595,-43.91646132,4029423962,0.1434,17878825467,2021-11-14T08:47:06.000Z
4256,Klaytn,KLAY,klaytn,64,2020-03-30T00:00:00.000Z,,2522425560,10720872227,,50,2021-11-14T08:47:04.000Z,1.530554923,112170945.4,-4.8522,-0.78781017,-0.84319009,-5.66755238,-3.54272594,13.83139695,-19.84296343,3860710858,0.1374,16408883764,2021-11-14T08:47:04.000Z
10791,eCash,XEC,ecash,39,2021-07-08T00:00:00.000Z,2.10E+13,1.89E+13,1.89E+13,,51,2021-11-14T08:47:07.000Z,0.00020405,140446741,-50.6083,-0.53455488,0.88872288,5.46937539,-2.72121721,-20.25858001,273.2165267,3855865848,0.1373,4285043926,2021-11-14T08:47:07.000Z
5647,Kadena,KDA,kadena,12,2020-05-31T00:00:00.000Z,1000000000,157336575.8,1000000000,,52,2021-11-14T08:47:07.000Z,23.34323475,95677769.54,-37.1803,-0.45983902,5.14568106,37.68113379,943.162873,1235.974476,3489.208091,3672744624,0.1308,23343234753,2021-11-14T08:47:07.000Z
5034,Kusama,KSM,kusama,105,2019-12-12T00:00:00.000Z,,8470098.057,9651217.451,,53,2021-11-14T08:46:10.000Z,426.5083307,95534220.57,-15.8734,-0.11054441,1.20202427,-6.65375731,24.72729172,2.8747819,48.57758222,3612567383,0.1286,4116324644,2021-11-14T08:46:10.000Z
1720,IOTA,MIOTA,iota,61,2017-06-13T00:00:00.000Z,2779530283,2779530283,2779530283,,54,2021-11-14T08:47:08.000Z,1.295421402,50041364.04,-15.2253,-0.74362561,-0.20302092,-3.018712,1.04233886,-19.20822114,8.42974804,3600663016,0.1282,3600663016,2021-11-14T08:47:08.000Z
1376,Neo,NEO,neo,227,2016-09-08T00:00:00.000Z,100000000,70538831,100000000,,55,2021-11-14T08:47:05.000Z,48.35556829,259622468.7,-8.8205,-0.33014561,1.66043867,7.132674,10.10072977,-6.13987419,-18.37817295,3410945260,0.1214,4835556829,2021-11-14T08:47:05.000Z
4157,THORChain,RUNE,thorchain,59,2019-07-23T00:00:00.000Z,500000000,258210215.1,461668422.2,"{'id': 1839, 'name': 'Binance Chain (BEP2)', 'symbol': 'BNB', 'slug': 'binance-coin', 'token_address': 'RUNE-B1A'}",56,2021-11-14T08:47:03.000Z,13.01088713,91929542.07,-1.7057,-1.11747978,6.59741657,-7.91474842,68.70612316,38.11792387,38.64670568,3359543965,0.1196,6505443564,2021-11-14T08:47:03.000Z
3602,Bitcoin SV,BSV,bitcoin-sv,155,2018-11-09T00:00:00.000Z,21000000,18896457.89,18896457.89,,57,2021-11-14T08:47:06.000Z,174.5851623,145302412.1,-25.4001,-0.38579884,1.09514251,4.43373532,2.04679196,13.76929691,0.66112907,3299041169,0.1175,3666288409,2021-11-14T08:47:06.000Z
4066,Chiliz,CHZ,chiliz,189,2019-07-01T00:00:00.000Z,8888888888,5941088089,8888888888,"{'id': 1027, 'name': 'Ethereum', 'symbol': 'ETH', 'slug': 'ethereum', 'token_address': '0x3506424f91fd33084466f402d5d97f05f8e3b4af'}",58,2021-11-14T08:46:10.000Z,0.53173779,873871155.4,-47.4639,-0.0088919,-7.61137194,7.85115459,68.57849661,57.9927487,41.53269856,3159101051,0.1125,4726558134,2021-11-14T08:46:10.000Z
3155,Quant,QNT,quant,48,2018-08-10T00:00:00.000Z,14612493,12072738,14612493.08,"{'id': 1027, 'name': 'Ethereum', 'symbol': 'ETH', 'slug': 'ethereum', 'token_address': '0x4a220e6096b25eadb88358cb44068a3248254675'}",59,2021-11-14T08:47:03.000Z,256.5094482,48398387.57,-6.0187,-0.05011808,-0.61795155,-2.8639298,-7.07104369,-28.74015997,61.37878487,3096771363,0.1102,3748242517,2021-11-14T08:47:03.000Z
1518,Maker,MKR,maker,200,2017-01-29T00:00:00.000Z,1005577,991328.382,991328.382,"{'id': 1027, 'name': 'Ethereum', 'symbol': 'ETH', 'slug': 'ethereum', 'token_address': '0x9f8f72aa9304c8b593d555f12ef6589cc3a579a2'}",60,2021-11-14T08:47:07.000Z,3046.793112,158927156.7,27.1608,-0.79182888,1.6203333,1.14367377,20.54190701,5.47286205,-20.54343685,3020372485,0.1075,3063785077,2021-11-14T08:47:07.000Z
3945,Harmony,ONE,harmony,57,2019-06-01T00:00:00.000Z,,10793514678,13244161678,,61,2021-11-14T08:46:10.000Z,0.276796472,105229776.3,-25.4315,-0.34620762,0.312874,-10.26224105,30.35150582,57.24700463,143.2166507,2987606785,0.1064,3665937229,2021-11-14T08:46:10.000Z
4847,Stacks,STX,stacks,36,2019-10-28T00:00:00.000Z,1818000000,1284408915,1352464600,,62,2021-11-14T08:46:08.000Z,2.252470728,77258928.44,-58.6106,-2.20111037,-6.10670576,9.09683822,12.0260533,46.55303709,50.88149547,2893093483,0.103,4094991783,2021-11-14T08:46:08.000Z
3957,UNUS SED LEO,LEO,unus-sed-leo,16,2019-05-21T00:00:00.000Z,,953954130,985239504,"{'id': 1027, 'name': 'Ethereum', 'symbol': 'ETH', 'slug': 'ethereum', 'token_address': '0x2af5d2ad76741191d15dfe7bf6ac92d4bd912ca3'}",63,2021-11-14T08:46:09.000Z,2.7285446,3746974.905,35.7601,-0.74463888,-11.93993787,-15.1835165,-1.13534833,-12.07663871,-8.4948384,2602906390,0.0927,2688269928,2021-11-14T08:46:09.000Z
1437,Zcash,ZEC,zcash,223,2016-10-29T00:00:00.000Z,21000000,13083325,13083325,,64,2021-11-14T08:47:05.000Z,195.8897734,321677401.5,-33.4952,-0.93552984,-5.49973019,22.02233177,61.53595406,48.65722043,26.59036122,2562889569,0.0913,4113685241,2021-11-14T08:47:05.000Z
6210,The Sandbox,SAND,the-sandbox,125,2020-08-05T00:00:00.000Z,3000000000,892246119.2,3000000000,"{'id': 1027, 'name': 'Ethereum', 'symbol': 'ETH', 'slug': 'ethereum', 'token_address': '0x3845badAde8e6dFF049820680d1F14bD3903a5d0'}",65,2021-11-14T08:47:03.000Z,2.87618114,2243447256,-4.6286,2.14549431,-5.113043,8.95521782,292.6568515,269.5747144,338.7306645,2566261461,0.0914,8628543421,2021-11-14T08:47:03.000Z
2130,Enjin Coin,ENJ,enjin-coin,184,2017-11-01T00:00:00.000Z,1000000000,834340659.6,1000000000,"{'id': 1027, 'name': 'Ethereum', 'symbol': 'ETH', 'slug': 'ethereum', 'token_address': '0xf629cbd94d3791c9250152bd8dfbdf380e2a3b9c'}",66,2021-11-14T08:47:03.000Z,3.011231834,346862790.8,-38.0274,-0.14204614,-6.46512658,-10.46103874,94.97200791,75.61075281,76.96723656,2512393154,0.0894,3011231834,2021-11-14T08:47:03.000Z
1274,Waves,WAVES,waves,148,2016-06-02T00:00:00.000Z,,106692658,106692658,,67,2021-11-14T08:47:04.000Z,23.34037569,84444340.21,-1.8984,-0.31750171,-0.5217298,-6.48679022,-23.90507832,-20.73478011,-4.39015113,2490246721,0.0887,2490246721,2021-11-14T08:47:04.000Z
3718,BitTorrent,BTT,bittorrent,150,2019-01-31T00:00:00.000Z,,6.60E+11,9.90E+11,"{'id': 1958, 'name': 'Tron10', 'symbol': 'TRX', 'slug': 'tron', 'token_address': '1002000'}",68,2021-11-14T08:47:07.000Z,0.003740797,365378516.9,-45.3972,-0.30038765,-0.75642474,-3.04952952,4.50811296,-7.91271629,-21.70321818,2468748681,0.0879,3703388852,2021-11-14T08:47:07.000Z
6945,Amp,AMP,amp,32,2020-09-08T00:00:00.000Z,92547638199,42227702186,99213408535,"{'id': 1027, 'name': 'Ethereum', 'symbol': 'ETH', 'slug': 'ethereum', 'token_address': '0xff20817765cb7f73d4bde2e66e067e58d11095c2'}",69,2021-11-14T08:46:09.000Z,0.057809838,21950317.5,-22.5215,-0.07502935,2.02649712,-2.37550699,27.92750746,13.60566992,-5.06195444,2441176632,0.0869,5350163992,2021-11-14T08:46:09.000Z
5632,Arweave,AR,arweave,37,2020-05-27T00:00:00.000Z,66000000,33394701,63190435,,70,2021-11-14T08:47:07.000Z,71.02198262,85043704.05,-6.8722,-1.78014781,4.26104524,-9.5189995,36.44497034,28.94716294,239.9840805,2371757874,0.0844,4687450853,2021-11-14T08:47:07.000Z
131,Dash,DASH,dash,310,2014-02-14T00:00:00.000Z,18900000,10429131.48,10429131.48,,71,2021-11-14T08:47:03.000Z,225.6763779,304937230.8,-4.0522,-0.63167113,1.2637204,17.98553864,22.5238075,9.74339487,7.35108751,2353608617,0.0838,4265283542,2021-11-14T08:47:03.000Z
2682,Holo,HOT,holo,85,2018-04-29T00:00:00.000Z,,1.73E+11,1.78E+11,"{'id': 1027, 'name': 'Ethereum', 'symbol': 'ETH', 'slug': 'ethereum', 'token_address': '0x6c6ee5e31d828de241282b9606c8e98ea48526e2'}",72,2021-11-14T08:47:08.000Z,0.013478489,127499855.4,-30.2474,-0.38037362,0.25316036,-9.25900391,49.59202736,33.87615387,12.63521703,2330375143,0.0829,2394041637,2021-11-14T08:47:08.000Z
2777,IoTeX,IOTX,iotex,52,2018-05-25T00:00:00.000Z,10000000000,9540779324,9626124332,,73,2021-11-14T08:47:08.000Z,0.240562484,1465826089,104.531,11.94833512,24.61571027,123.7354614,256.7503195,274.7112844,155.2109314,2295153577,0.0817,2405624843,2021-11-14T08:47:08.000Z
5692,Compound,COMP,compound,214,2020-06-16T00:00:00.000Z,10000000,6018895.259,10000000,"{'id': 1027, 'name': 'Ethereum', 'symbol': 'ETH', 'slug': 'ethereum', 'token_address': '0xc00e94cb662c3520282e6f5717214004a7f26888'}",74,2021-11-14T08:47:07.000Z,348.5839244,153843144.8,17.3183,0.18024169,3.19423069,-2.38149358,13.86253068,-18.70164441,-33.56625569,2098090130,0.0747,3485839244,2021-11-14T08:47:07.000Z
5567,Celo,CELO,celo,50,2020-05-22T00:00:00.000Z,1000000000,347297758,1000000000,,75,2021-11-14T08:47:06.000Z,5.777222734,38722599.44,-23.0874,-0.30926564,-0.71619797,-7.63366345,0.89036242,15.16398344,83.29492287,2006416503,0.0714,5777222734,2021-11-14T08:47:06.000Z
2087,KuCoin Token,KCS,kucoin-token,33,2017-10-24T00:00:00.000Z,170118638,80118638,170118638,"{'id': 1027, 'name': 'Ethereum', 'symbol': 'ETH', 'slug': 'ethereum', 'token_address': '0xf34960d9d60be18cc1d5afc1a6f012a723a28811'}",76,2021-11-14T08:47:03.000Z,24.63654656,52846657.18,-0.0943,-0.43492979,12.19815379,28.45579334,105.7995003,103.7265389,109.3305343,1973846556,0.0703,4191135746,2021-11-14T08:47:03.000Z
2694,Nexo,NEXO,nexo,45,2018-05-01T00:00:00.000Z,1000000000,560000011,1000000000,"{'id': 1839, 'name': 'Binance Chain (BEP2)', 'symbol': 'BNB', 'slug': 'binance-coin', 'token_address': 'NEXO-A84'}",77,2021-11-14T08:47:07.000Z,3.165356615,9123767.569,-29.9288,-1.76031954,-3.80460053,1.45204076,90.96278734,91.37775163,61.24905482,1772599739,0.0631,3165356615,2021-11-14T08:47:07.000Z
3822,Theta Fuel,TFUEL,theta-fuel,24,2019-03-28T00:00:00.000Z,,5301214400,5301214400,,78,2021-11-14T08:46:09.000Z,0.331280002,55332596.35,22.5483,0.09094858,-4.04508787,-12.87043318,19.19410291,0.74943198,-10.89523648,1756186317,0.0625,1756186317,2021-11-14T08:46:09.000Z
1697,Basic Attention Token,BAT,basic-attention-token,249,2017-06-01T00:00:00.000Z,1500000000,1492278662,1500000000,"{'id': 1027, 'name': 'Ethereum', 'symbol': 'ETH', 'slug': 'ethereum', 'token_address': '0x0d8775f648430679a709e98d2b0cb6250d2887ef'}",79,2021-11-14T08:47:07.000Z,1.158806194,328655150.7,-34.9066,-0.76007729,-3.06790042,16.78389811,69.4235653,47.09440905,42.57022938,1729261757,0.0616,1738209291,2021-11-14T08:47:07.000Z
873,NEM,XEM,nem,112,2015-04-01T00:00:00.000Z,8999999999,8999999999,8999999999,,80,2021-11-14T08:46:09.000Z,0.191230966,66542674.17,0.0238,-0.67453372,1.29279992,-11.511973,11.94727318,3.53353968,-13.17083231,1721078696,0.0613,1721078696,2021-11-14T08:46:09.000Z
6538,Curve DAO Token,CRV,curve-dao-token,170,2020-08-14T00:00:00.000Z,3303030299,413487283.1,1618756966,"{'id': 1027, 'name': 'Ethereum', 'symbol': 'ETH', 'slug': 'ethereum', 'token_address': '0xD533a949740bb3306d119CC777fa900bA034cd52'}",81,2021-11-14T08:47:06.000Z,4.110962536,283242644.4,-8.126,-1.72087516,-1.02030723,-1.8556239,44.27399309,42.90852961,83.71758819,1699830730,0.0605,13578633814,2021-11-14T08:47:06.000Z
1808,OMG Network,OMG,omg,246,2017-07-14T00:00:00.000Z,140245399,140245398.2,140245398.2,,82,2021-11-14T08:47:08.000Z,11.84640195,1129943008,-52.558,-0.07936811,-4.57754835,-29.90097984,-14.35539364,35.17002883,101.4497954,1661403359,0.0592,1661403368,2021-11-14T08:47:08.000Z
1684,Qtum,QTUM,qtum,178,2017-05-24T00:00:00.000Z,107822406,98861006.73,103894810,,83,2021-11-14T08:47:07.000Z,16.4950208,278146205.5,-21.2647,-0.93201562,1.22364073,0.34917801,30.29132604,29.91475106,17.87018272,1630714362,0.0581,1778532830,2021-11-14T08:47:07.000Z
2099,ICON,ICX,icon,70,2017-10-27T00:00:00.000Z,,674471224.9,800460000,,84,2021-11-14T08:47:03.000Z,2.40502244,138407189.2,5.7516,-1.93942191,4.84423762,16.54879708,20.12159313,17.48396677,76.82752171,1622118431,0.0578,1925124262,2021-11-14T08:47:03.000Z
3897,OKB,OKB,okb,52,2019-04-30T00:00:00.000Z,,60000000,300000000,"{'id': 1027, 'name': 'Ethereum', 'symbol': 'ETH', 'slug': 'ethereum', 'token_address': '0x75231f58b43240c9718dd58b4967c5114342a86c'}",85,2021-11-14T08:46:09.000Z,26.660914,446352109.4,-36.3986,-0.66385567,-0.26659331,-1.61297507,65.46967292,41.92250806,18.25696948,1599654840,0.0569,7998274200,2021-11-14T08:46:09.000Z
2502,Huobi Token,HT,huobi-token,95,2018-02-03T00:00:00.000Z,500000000,161829295.3,500000000,"{'id': 1027, 'name': 'Ethereum', 'symbol': 'ETH', 'slug': 'ethereum', 'token_address': '0x6f259637dcd74c767781e37bc6133cd6a68aa161'}",86,2021-11-14T08:47:06.000Z,9.751879947,56815236.58,-25.576,-0.42758878,-0.10895951,-7.59188072,32.26688483,-31.75432287,-31.4278859,1578139859,0.0562,4875939973,2021-11-14T08:47:06.000Z
1168,Decred,DCR,decred,53,2016-02-10T00:00:00.000Z,21000000,13495500.04,13495500.04,,87,2021-11-14T08:47:04.000Z,115.9764773,15869310.87,-4.5767,-0.68785309,4.23730727,8.42559668,-5.87552907,-19.54664943,-33.18548789,1565160554,0.0557,2435506024,2021-11-14T08:47:04.000Z
8646,Mina,MINA,mina,42,2021-03-02T00:00:00.000Z,,292743130.8,824104972,,88,2021-11-14T08:47:06.000Z,5.207652379,110051523.3,-52.2322,-1.47241827,-9.35777714,23.35844613,23.44819427,-12.88252806,53.51273645,1524504462,0.0543,4291652218,2021-11-14T08:47:06.000Z
6758,SushiSwap,SUSHI,sushiswap,233,2020-08-28T00:00:00.000Z,250000000,127244443,237182130,"{'id': 1027, 'name': 'Ethereum', 'symbol': 'ETH', 'slug': 'ethereum', 'token_address': '0x6b3595068778dd592e39a122f4f5a5cf09c90fe2'}",89,2021-11-14T08:47:07.000Z,10.96798639,128264379.3,-20.1117,-0.93286747,0.74256988,-5.49942441,3.94029124,-16.10719434,-12.18340619,1395615318,0.0497,2741996596,2021-11-14T08:47:07.000Z
3640,Livepeer,LPT,livepeer,45,2018-12-19T00:00:00.000Z,22906951,21164655.33,22859012.33,,90,2021-11-14T08:47:07.000Z,64.56028581,373157749.6,280.3317,0.97066694,6.47419554,92.14554383,177.9224638,250.62117,221.8844331,1366396197,0.0486,1478879304,2021-11-14T08:47:07.000Z
2577,Ravencoin,RVN,ravencoin,87,2018-03-10T00:00:00.000Z,21000000000,10083210000,10083210000,,91,2021-11-14T08:47:06.000Z,0.127123851,52962758.91,0.1772,-0.53530773,1.34551105,-6.07509502,20.38801742,7.24458364,-14.57666148,1281816486,0.0456,2669600872,2021-11-14T08:47:06.000Z
2135,Revain,REV,revain,16,2017-11-01T00:00:00.000Z,,85061485690,85061485690,"{'id': 1027, 'name': 'Ethereum', 'symbol': 'ETH', 'slug': 'ethereum', 'token_address': '0x2ef52Ed7De8c5ce03a4eF0efbe9B7450F2D7Edc9'}",92,2021-11-14T08:47:03.000Z,0.014865983,2039549.763,-8.8196,-0.35244844,-2.4850701,-3.79198918,-20.83171452,-25.818883,25.82395327,1264522638,0.045,1264522638,2021-11-14T08:47:03.000Z
7455,Audius,AUDIO,audius,54,2020-10-20T00:00:00.000Z,,504078968,1061025641,"{'id': 1027, 'name': 'Ethereum', 'symbol': 'ETH', 'slug': 'ethereum', 'token_address': '0x18aaa7115705e8be94bffebde57af9bfc265b998'}",93,2021-11-14T08:47:05.000Z,2.429845782,29640549.13,-9.4193,-0.95899651,1.76790916,-6.30790485,21.04327686,11.91621095,43.47924963,1224834154,0.0436,2578128678,2021-11-14T08:47:05.000Z
2563,TrueUSD,TUSD,trueusd,181,2018-03-06T00:00:00.000Z,,1220158837,1220158837,"{'id': 1839, 'name': 'Binance Chain (BEP2)', 'symbol': 'BNB', 'slug': 'binance-coin', 'token_address': 'TUSDB-888'}",94,2021-11-14T08:47:06.000Z,1.000109941,162401478,22.4323,0.01224935,-0.13192301,0.00208083,0.05314709,-0.00144343,0.03089873,1220292982,0.0435,1220292982,2021-11-14T08:47:06.000Z
2469,Zilliqa,ZIL,zilliqa,144,2018-01-25T00:00:00.000Z,21000000000,11998077719,15289544872,,95,2021-11-14T08:47:06.000Z,0.100592261,55853567.88,-30.7473,-0.92593011,-1.10233733,-7.62224996,7.44616964,-8.52806194,-11.69257108,1206913766,0.043,2112437481,2021-11-14T08:47:06.000Z
5864,yearn.finance,YFI,yearn-finance,210,2020-07-18T00:00:00.000Z,36666,36637.72123,36666,"{'id': 1027, 'name': 'Ethereum', 'symbol': 'ETH', 'slug': 'ethereum', 'token_address': '0x0bc529c00c6401aef6d220be8c6ea1667f6ad93e'}",96,2021-11-14T08:47:08.000Z,32964.2149,121256980.9,-28.3165,-0.08502985,0.69939536,-2.39849562,-7.47128195,-8.8688211,-19.95033239,1207733716,0.043,1208665904,2021-11-14T08:47:08.000Z
6950,Perpetual Protocol,PERP,perpetual-protocol,59,2020-09-08T00:00:00.000Z,,68700000,150000000,"{'id': 1027, 'name': 'Ethereum', 'symbol': 'ETH', 'slug': 'ethereum', 'token_address': '0xbc396689893d065f41bc2c6ecbee5e0085233447'}",97,2021-11-14T08:46:09.000Z,17.54247884,33347713.59,-76.984,-0.90421519,-0.59225938,0.27431903,-1.02916219,2.71465123,22.31735444,1205168296,0.0429,2631371825,2021-11-14T08:46:09.000Z
5604,Secret,SCRT,secret,14,2020-05-19T00:00:00.000Z,,149815729,190165060,,98,2021-11-14T08:47:06.000Z,7.95605219,8287200.613,-45.1484,-0.98822403,5.37183507,-12.04881801,60.49999234,305.8704428,400.3578968,1191941759,0.0424,1512963142,2021-11-14T08:47:06.000Z
2083,Bitcoin Gold,BTG,bitcoin-gold,62,2017-10-23T00:00:00.000Z,21000000,17513923.59,17513923.59,,99,2021-11-14T08:47:03.000Z,66.32464668,25533157.64,-1.2282,-0.72818467,1.46843968,3.99868819,-5.31477623,-1.96734165,-3.81520925,1161604794,0.0414,1392817580,2021-11-14T08:47:03.000Z
2634,XDC Network,XDC,xinfin,34,2018-04-12T00:00:00.000Z,,12305012699,37705012699,,100,2021-11-14T08:47:07.000Z,0.09358027,3909928.976,-24.9452,-0.11904571,-0.60893091,-1.7081503,-20.0506529,-27.36405786,-29.58778632,1151506409,0.041,3528445262,2021-11-14T08:47:07.000Z
2586,Synthetix,SNX,synthetix-network-token,180,2018-03-14T00:00:00.000Z,212424133,114841533,215258834.2,"{'id': 1027, 'name': 'Ethereum', 'symbol': 'ETH', 'slug': 'ethereum', 'token_address': '0xc011a73ee8576fb46f5e1c5751ca3b9fe0af2a6f'}",101,2021-11-14T08:47:06.000Z,10.01687278,96952454.05,2.8081,-1.39650279,4.34093772,-1.33871643,2.68277836,-24.33816467,-22.0906063,1150353026,0.041,2127825515,2021-11-14T08:47:06.000Z
2700,Celsius,CEL,celsius,42,2018-05-18T00:00:00.000Z,695658160,238863519.8,695658160,"{'id': 1027, 'name': 'Ethereum', 'symbol': 'ETH', 'slug': 'ethereum', 'token_address': '0xaaaebe6fe48e54f431b0c390cfaf0b017d09d42d'}",102,2021-11-14T08:47:07.000Z,4.773376305,3862331.161,-6.5681,0.00798693,5.29412658,9.44104838,-15.07253481,-8.5095339,-22.63569939,1140185466,0.0406,3320638177,2021-11-14T08:47:07.000Z
1698,Horizen,ZEN,horizen,74,2017-06-01T00:00:00.000Z,21000000,11736093.75,11736093.75,,103,2021-11-14T08:47:08.000Z,94.57377871,60015228,-37.6825,-0.33405313,-7.14093233,14.22120467,26.77182472,9.89860595,27.98755633,1109926733,0.0395,1986049353,2021-11-14T08:47:08.000Z
2300,WAX,WAXP,wax,31,2017-12-21T00:00:00.000Z,,1836301049,3808033663,,104,2021-11-14T08:47:04.000Z,0.594819894,203117785.5,-0.9323,0.21437961,1.30268196,16.52093342,120.1115268,109.2502098,212.5687644,1092268396,0.0389,2265094181,2021-11-14T08:47:04.000Z
2394,Telcoin,TEL,telcoin,23,2018-01-14T00:00:00.000Z,1.00E+11,55027110195,1.00E+11,"{'id': 1027, 'name': 'Ethereum', 'symbol': 'ETH', 'slug': 'ethereum', 'token_address': '0x467bccd9d29f223bce8043b84e8c8b282827790f'}",105,2021-11-14T08:47:05.000Z,0.019675853,13457850.36,-16.2614,-0.66048689,0.80778085,-6.79237084,-9.92773997,2.48837743,-2.96391283,1082705345,0.0385,1967585326,2021-11-14T08:47:05.000Z
5777,renBTC,RENBTC,renbtc,16,2020-06-28T00:00:00.000Z,13698,16825.92071,16825.92071,"{'id': 1027, 'name': 'Ethereum', 'symbol': 'ETH', 'slug': 'ethereum', 'token_address': '0xeb4c2781e4eba804ce9a9803c67d0893436bb27d'}",106,2021-11-14T08:47:07.000Z,64106.78461,2073931.705,-74.8057,-0.05820207,1.25398994,3.8459457,8.71297679,35.86935106,35.58489659,1078655675,0.0384,878134735.6,2021-11-14T08:47:07.000Z
1727,Bancor,BNT,bancor,232,2017-06-18T00:00:00.000Z,,237029963.5,237029963.5,"{'id': 1027, 'name': 'Ethereum', 'symbol': 'ETH', 'slug': 'ethereum', 'token_address': '0x1f573d6fb3f13d689ff844b4ce37794d79a7ff1c'}",107,2021-11-14T08:47:08.000Z,4.517419117,38576819.02,-27.1057,-0.09132889,-1.24409103,3.01006033,12.83143591,9.0416189,4.71102049,1070763688,0.0381,1070763688,2021-11-14T08:47:08.000Z
1896,0x,ZRX,0x,203,2017-08-16T00:00:00.000Z,1000000000,845496054.8,1000000000,"{'id': 1027, 'name': 'Ethereum', 'symbol': 'ETH', 'slug': 'ethereum', 'token_address': '0xe41d2489571d322189246dafa5ebde1f4699f498'}",108,2021-11-14T08:46:09.000Z,1.252925863,74567036.13,-46.4241,-1.45229684,-4.13370489,3.80630187,26.36478493,19.54315996,17.00855492,1059343874,0.0377,1252925863,2021-11-14T08:46:09.000Z
5617,UMA,UMA,uma,88,2020-05-25T00:00:00.000Z,101172570,63724409.83,105157061.7,"{'id': 1027, 'name': 'Ethereum', 'symbol': 'ETH', 'slug': 'ethereum', 'token_address': '0x04Fa0d235C4abf4BcF4787aF4CF447DE572eF828'}",109,2021-11-14T08:47:07.000Z,16.5457144,75813767.22,-36.586,0.98925919,1.79542202,23.918495,57.42259616,46.63135683,32.71050402,1054365886,0.0375,1673972449,2021-11-14T08:47:07.000Z
3783,Ankr,ANKR,ankr,83,2019-03-06T00:00:00.000Z,10000000000,8162899378,10000000000,"{'id': 1839, 'name': 'Binance Chain (BEP2)', 'symbol': 'BNB', 'slug': 'binance-coin', 'token_address': 'ANKR-E97'}",110,2021-11-14T08:47:08.000Z,0.122144818,118998293.6,-37.5738,-0.87640562,-4.00264403,-6.1495774,42.12425009,20.39985524,13.50744874,997055857.8,0.0355,1221448179,2021-11-14T08:47:08.000Z
9436,Dogelon Mars,ELON,dogelon,21,2021-04-23T00:00:00.000Z,1.00E+15,5.58E+14,1.00E+15,"{'id': 1027, 'name': 'Ethereum', 'symbol': 'ETH', 'slug': 'ethereum', 'token_address': '0x761d38e5ddf6ccf6cf7c55759d5210750b5d60f3'}",111,2021-11-14T08:47:04.000Z,1.76E-06,64105823.23,25.4715,-0.21624513,6.63519949,-5.41537863,616.5670127,2890.447704,2157.97331,983451022.6,0.035,1763949071,2021-11-14T08:47:04.000Z
1042,Siacoin,SC,siacoin,57,2015-08-26T00:00:00.000Z,,49373032992,49373032992,,112,2021-11-14T08:47:03.000Z,0.019590605,45682726.2,-24.6811,-0.59058345,-0.36655445,-1.39408992,9.4886862,3.7932921,-0.85273835,967247570.5,0.0344,967247570.5,2021-11-14T08:47:03.000Z
2566,Ontology,ONT,ontology,137,2018-03-08T00:00:00.000Z,1000000000,875249524,1000000000,,113,2021-11-14T08:47:06.000Z,1.096076266,129717202.4,14.4886,-0.46808004,4.73150387,3.67049139,18.49414626,8.17205249,-3.44305868,959340230.4,0.0342,1096076266,2021-11-14T08:47:06.000Z
3330,Pax Dollar,USDP,paxos-standard,27,2018-09-27T00:00:00.000Z,,945642940.1,945642940.1,"{'id': 1027, 'name': 'Ethereum', 'symbol': 'ETH', 'slug': 'ethereum', 'token_address': '0x8e870d67f660d95d5be530380d0ec0bd388289e1'}",114,2021-11-14T08:47:04.000Z,1.000239102,3941958.634,-6.695,0.03500191,-0.11838833,0.02353311,0.08469519,-0.01133117,0.05018167,945869045.5,0.0337,945869045.5,2021-11-14T08:47:04.000Z
6187,Serum,SRM,serum,104,2020-08-04T00:00:00.000Z,10161000000,133231781,1092844982,,115,2021-11-14T08:47:03.000Z,7.0296067,116044419.4,-8.785,-0.42932518,0.23469955,-9.2136492,-6.94280557,-33.96498967,1.75285352,936567020.4,0.0333,71427833680,2021-11-14T08:47:03.000Z
109,DigiByte,DGB,digibyte,98,2014-02-06T00:00:00.000Z,21000000000,14840193152,14840193152,,116,2021-11-14T08:47:03.000Z,0.062375068,42903473.56,-35.391,-0.78904335,-5.00544531,17.8582581,30.69307104,7.27031416,-11.63484631,925658056.2,0.033,1309876427,2021-11-14T08:47:03.000Z
2539,Ren,REN,ren,128,2018-02-21T00:00:00.000Z,1000000000,997764051,999999632.8,"{'id': 1027, 'name': 'Ethereum', 'symbol': 'ETH', 'slug': 'ethereum', 'token_address': '0x408e41876cccdc0f92210600ef50372656052a38'}",117,2021-11-14T08:47:06.000Z,0.912396016,37348518.45,-42.3841,-0.50130491,1.07261488,-3.63514144,-11.32819809,-1.21309728,72.19503055,910355944.6,0.0324,912396015.5,2021-11-14T08:47:06.000Z
7501,WOO Network,WOO,wootrade,47,2020-10-23T00:00:00.000Z,3000000000,554603962.8,2991373776,"{'id': 1027, 'name': 'Ethereum', 'symbol': 'ETH', 'slug': 'ethereum', 'token_address': '0x4691937a7508860f876c9c0a2a617e7d9e945d4b'}",118,2021-11-14T08:47:05.000Z,1.57865279,23708057.79,-38.4274,-0.18928528,0.57018128,32.03539032,60.9228006,149.3296492,89.57541443,875527093.2,0.0312,4735958370,2021-11-14T08:47:05.000Z
2405,IOST,IOST,iostoken,81,2018-01-16T00:00:00.000Z,90000000000,18099719631,18099719631,,119,2021-11-14T08:47:05.000Z,0.047572919,93571211.59,40.5882,-0.40265714,-0.19087634,-5.37558283,-6.75170349,-37.89249226,40.70312055,861056494.6,0.0307,4281562703,2021-11-14T08:47:05.000Z
4948,Nervos Network,CKB,nervos-network,48,2019-11-19T00:00:00.000Z,,28571744151,34441750765,,120,2021-11-14T08:46:09.000Z,0.029967992,80777425.35,87.4375,-1.04256045,10.5983103,7.29107858,98.10683059,88.23585733,101.1755385,856237788.3,0.0305,1032150097,2021-11-14T08:46:09.000Z
5691,SKALE Network,SKL,skale-network,53,2020-06-12T00:00:00.000Z,7000000000,2377675822,4276664349,"{'id': 1027, 'name': 'Ethereum', 'symbol': 'ETH', 'slug': 'ethereum', 'token_address': '0x00c83aecc790e8a4453e5dd3b0b4b3680501a7a7'}",121,2021-11-14T08:47:07.000Z,0.359714808,30786748.79,-24.4771,-0.01558968,1.97668379,-7.62901211,7.67484855,-19.01937363,-2.89305623,855285200.9,0.0305,2518003653,2021-11-14T08:47:07.000Z
8526,Raydium,RAY,raydium,67,2021-02-19T00:00:00.000Z,555000000,75520273.29,555000000,"{'id': 1027, 'name': 'Ethereum', 'symbol': 'ETH', 'slug': 'ethereum', 'token_address': '0x5245c0249e5eeb2a0838266800471fd32adb1089'}",122,2021-11-14T08:47:05.000Z,11.21664171,80305704.63,-25.917,-0.20893108,0.95526242,-9.65269704,11.10715863,-18.76399801,66.01302384,847083847.5,0.0302,6225236150,2021-11-14T08:47:05.000Z
11156,dYdX,DYDX,dydx,79,2021-08-03T00:00:00.000Z,1000000000,56337466,1000000000,"{'id': 1027, 'name': 'Ethereum', 'symbol': 'ETH', 'slug': 'ethereum', 'token_address': '0x92d6c1e31e14520e676a687f0a93788b716beff5'}",123,2021-11-14T08:46:10.000Z,14.86901383,133049092.8,-14.7672,-0.65341332,1.90015718,-10.63852625,-34.7127847,21.67892949,0,837682561.1,0.0298,14869013831,2021-11-14T08:46:10.000Z
2765,XYO,XYO,xyo,29,2018-05-22T00:00:00.000Z,,12844821266,13960974963,"{'id': 1027, 'name': 'Ethereum', 'symbol': 'ETH', 'slug': 'ethereum', 'token_address': '0x55296f69f40ea6d20e478533c15a6b08b654e758'}",124,2021-11-14T08:46:08.000Z,0.063395577,42356373.07,-14.8345,-0.37299601,-6.41284112,1.3297454,116.2152867,41.17569466,477.1706711,814304852.6,0.029,885064060,2021-11-14T08:46:08.000Z
4747,Velas,VLX,velas,26,2019-10-03T00:00:00.000Z,,2124380663,2124380663,,125,2021-11-14T08:47:07.000Z,0.380886364,13760558.27,-4.4909,-0.43963502,18.30548041,0.11117617,156.0003502,164.0601936,691.3066606,809147627,0.0288,809147627,2021-11-14T08:47:07.000Z
9285,Moonriver,MOVR,moonriver,19,2021-04-19T00:00:00.000Z,10000000,2312472,10155038,,126,2021-11-14T08:47:03.000Z,348.4340908,23320938.06,-35.9835,0.33004093,0.72880709,-10.94795223,38.8888161,-15.92641772,0,805744078.8,0.0287,3484340908,2021-11-14T08:47:03.000Z
1817,Voyager Token,VGX,voyager-token,8,2017-07-18T00:00:00.000Z,279387971,278482214.2,278482214.2,"{'id': 1027, 'name': 'Ethereum', 'symbol': 'ETH', 'slug': 'ethereum', 'token_address': '0x3C4B6E6e1eA3D4863700D7F76b36B7f3D3f13E3d'}",127,2021-11-14T08:47:08.000Z,2.753103636,8271213.892,-20.4319,-0.60573753,-8.36610802,11.50179317,12.23492223,9.46969374,-38.64882153,766690396.4,0.0273,769184038.8,2021-11-14T08:47:08.000Z
1567,Nano,NANO,nano,53,2017-03-06T00:00:00.000Z,133248298,133248297.2,133248297.2,,128,2021-11-14T08:47:06.000Z,5.731066647,35946579.04,-21.9751,-0.23091295,-1.45973541,1.12524157,6.0671712,2.62935336,-10.86093202,763654871.9,0.0272,763654876.5,2021-11-14T08:47:06.000Z
8104,1inch Network,1INCH,1inch,146,2020-12-25T00:00:00.000Z,,180362122.3,1500000000,"{'id': 1027, 'name': 'Ethereum', 'symbol': 'ETH', 'slug': 'ethereum', 'token_address': '0x111111111117dc0aa78b770fa6a738034120c302'}",129,2021-11-14T08:46:09.000Z,4.206259119,150749301.8,15.2596,-0.2651282,1.3458005,-4.59861521,35.99533368,34.27942235,31.74755601,758649821.8,0.027,6309388679,2021-11-14T08:46:09.000Z
2499,SwissBorg,CHSB,swissborg,11,2018-02-02T00:00:00.000Z,,1000000000,1000000000,"{'id': 1027, 'name': 'Ethereum', 'symbol': 'ETH', 'slug': 'ethereum', 'token_address': '0xba9d4199fab4f26efe3551d490e3821486f135ba'}",130,2021-11-14T08:47:06.000Z,0.753077741,7577408.8,162.6461,1.39143021,11.27747531,17.27500958,16.14333523,6.52997375,0.94233479,753077740.8,0.0268,753077740.9,2021-11-14T08:47:06.000Z
2467,OriginTrail,TRAC,origintrail,17,2018-01-25T00:00:00.000Z,500000000,363836144.4,500000000,"{'id': 1027, 'name': 'Ethereum', 'symbol': 'ETH', 'slug': 'ethereum', 'token_address': '0xaa7a9ca87d3694b5755f213b5d04094b8d0f0a6f'}",131,2021-11-14T08:47:06.000Z,2.026474982,14428853.37,17.1119,1.05669924,1.63290837,-10.7705578,242.7417489,392.9546819,402.8983417,737304844.2,0.0262,1013237491,2021-11-14T08:47:06.000Z
4761,NuCypher,NU,nucypher,47,2019-10-07T00:00:00.000Z,3885390082,695250000,1335599882,"{'id': 1027, 'name': 'Ethereum', 'symbol': 'ETH', 'slug': 'ethereum', 'token_address': '0x4fe83213d56308330ec302a8bd641f1d0113a4cc'}",132,2021-11-14T08:47:08.000Z,1.043839663,1523233264,2775.157,-0.1990003,20.98380943,14.25407848,-53.56272382,219.7719347,245.1382743,725729525.8,0.0258,4055724275,2021-11-14T08:47:08.000Z
3814,Celer Network,CELR,celer-network,59,2019-03-25T00:00:00.000Z,10000000000,6056211958,10000000000,"{'id': 1027, 'name': 'Ethereum', 'symbol': 'ETH', 'slug': 'ethereum', 'token_address': '0x4f9254c83eb525f9fcf346490bbb3ed28a81c667'}",133,2021-11-14T08:47:08.000Z,0.118360609,82594544.3,-29.6419,0.20467206,-0.05842878,5.54508781,-13.78954639,24.46475202,135.8938619,716816935.6,0.0255,1183606090,2021-11-14T08:47:08.000Z
1659,Gnosis,GNO,gnosis-gno,39,2017-05-01T00:00:00.000Z,10000000,1504587,10000000,"{'id': 1027, 'name': 'Ethereum', 'symbol': 'ETH', 'slug': 'ethereum', 'token_address': '0x6810e776880c02933d47db1b9fc05908e5386b96'}",134,2021-11-14T08:47:07.000Z,459.6093634,6171292.1,8.9025,-0.77332678,-2.26108457,-7.51656839,41.38991333,60.27702807,120.0150044,691522273.3,0.0246,4596093634,2021-11-14T08:47:07.000Z
8335,Mdex,MDX,mdex,63,2021-01-27T00:00:00.000Z,,759424412.6,1000000000,"{'id': 2502, 'name': 'Heco', 'symbol': 'HT', 'slug': 'huobi-token', 'token_address': '0x25d2e80cb6b86881fd7e07dd263fb79f4abe033c'}",135,2021-11-14T08:47:04.000Z,0.89550758,32870520.14,-42.8069,-0.54462464,-2.29735322,-10.63547275,-32.75247518,-47.13103656,-35.69210211,680070318.2,0.0242,895507580.4,2021-11-14T08:47:04.000Z
1886,Dent,DENT,dent,40,2017-08-12T00:00:00.000Z,,99007791203,1.00E+11,"{'id': 1027, 'name': 'Ethereum', 'symbol': 'ETH', 'slug': 'ethereum', 'token_address': '0x3597bfd533a99c9aa083587b074434e61eb0a258'}",136,2021-11-14T08:46:09.000Z,0.006734656,1051201588,-14.0123,-0.14456518,-0.22387398,-3.70014772,21.15754036,34.78337641,-10.23363134,666783386.4,0.0237,673465571.1,2021-11-14T08:46:09.000Z
3773,Fetch.ai,FET,fetch,53,2019-03-02T00:00:00.000Z,1152997575,746113681,1151441226,"{'id': 1027, 'name': 'Ethereum', 'symbol': 'ETH', 'slug': 'ethereum', 'token_address': '0xaea46A60368A7bD060eec7DF8CBa43b7EF41Ad85'}",137,2021-11-14T08:47:07.000Z,0.853745929,148172274.7,261.7564,-0.37378771,-2.68453572,0.67604027,18.84996914,-3.5037973,60.77721005,636991517.5,0.0227,984366985.5,2021-11-14T08:47:07.000Z
1772,Storj,STORJ,storj,88,2017-07-02T00:00:00.000Z,,351428441,424999998,"{'id': 1027, 'name': 'Ethereum', 'symbol': 'ETH', 'slug': 'ethereum', 'token_address': '0xb64ef51c888972c908cfacf59b47c1afbc0ab8ac'}",138,2021-11-14T08:46:08.000Z,1.70660676,293923316.9,-22.2638,-0.64645515,-3.06928158,3.36061561,34.68646852,22.14612432,24.95087247,599750153.2,0.0214,725307869.7,2021-11-14T08:46:08.000Z
3911,Ocean Protocol,OCEAN,ocean-protocol,75,2019-05-06T00:00:00.000Z,1410000000,613099141,613099141,"{'id': 1027, 'name': 'Ethereum', 'symbol': 'ETH', 'slug': 'ethereum', 'token_address': '0x967da4048cd07ab37855c090aaf366e4ce1b9f48'}",139,2021-11-14T08:46:10.000Z,0.95188567,49514104.06,12.7193,-0.91141944,4.16819998,1.03265427,18.242909,13.8140878,25.75951762,583600286.8,0.0208,1342158795,2021-11-14T08:46:10.000Z
4566,DigitalBits,XDB,digitalbits,8,2019-09-13T00:00:00.000Z,,777009768,1500000000,"{'id': 1027, 'name': 'Ethereum', 'symbol': 'ETH', 'slug': 'ethereum', 'token_address': '0xb9eefc4b0d472a44be93970254df4f4016569d27'}",140,2021-11-14T08:47:06.000Z,0.748330856,2269221.4,-2.3404,-0.5537682,0.94989597,-0.72038299,30.76274865,10.05765653,288.9786925,581460385.1,0.0207,1122496285,2021-11-14T08:47:06.000Z
3029,Flux,FLUX,zel,20,2018-08-02T00:00:00.000Z,440000000,219113142.2,219113142.2,,141,2021-11-14T08:46:09.000Z,2.647035452,25537590.68,-47.1756,-0.29739899,0.99842372,106.2619749,560.9464674,450.3086598,1898.458464,580000255.5,0.0207,1164695599,2021-11-14T08:46:09.000Z
3964,Reserve Rights,RSR,reserve-rights,82,2019-05-24T00:00:00.000Z,1.00E+11,13159998943,1.00E+11,"{'id': 1027, 'name': 'Ethereum', 'symbol': 'ETH', 'slug': 'ethereum', 'token_address': '0x8762db106b2c2a0bccb3a80d1ed41273552616e8'}",142,2021-11-14T08:46:09.000Z,0.043663677,36065727.85,-5.0496,1.39743613,5.27595764,1.92193033,31.85024707,13.82585353,-3.65376446,574613941.2,0.0205,4366367685,2021-11-14T08:46:09.000Z
4846,Kava,KAVA,kava,59,2019-10-25T00:00:00.000Z,,100625000,150653696,"{'id': 1839, 'name': 'Binance Chain (BEP2)', 'symbol': 'BNB', 'slug': 'binance-coin', 'token_address': 'KAVA-10C'}",143,2021-11-14T08:47:08.000Z,5.641682323,87040962.09,-8.2789,-0.6058984,0.39848571,-1.18537118,-1.57108881,-10.80528754,-14.84432237,567694283.8,0.0202,849940293.7,2021-11-14T08:47:08.000Z
5068,Neutrino USD,USDN,neutrino-usd,31,2020-01-30T00:00:00.000Z,,572747594.8,572748180.1,"{'id': 1027, 'name': 'Ethereum', 'symbol': 'ETH', 'slug': 'ethereum', 'token_address': '0x674C6Ad92Fd080e4004b2312b45f796a192D27a0'}",144,2021-11-14T08:46:10.000Z,0.982842199,5404742.075,-17.065,0.29821562,0.30206893,0.08693273,-0.30894416,-0.81913257,-1.50583215,562920505.3,0.02,562921080.5,2021-11-14T08:46:10.000Z
5444,Cartesi,CTSI,cartesi,49,2020-04-23T00:00:00.000Z,1000000000,482707937.9,1000000000,"{'id': 1027, 'name': 'Ethereum', 'symbol': 'ETH', 'slug': 'ethereum', 'token_address': '0x491604c0fdf08347dd1fa4ee062a822a5dd06b5d'}",145,2021-11-14T08:47:05.000Z,1.157546465,189388692.8,-9.11,-3.56353342,-3.5136801,38.77197171,80.13278505,72.68854782,45.81135885,558756867.2,0.0199,1157546465,2021-11-14T08:47:05.000Z
4206,WINkLink,WIN,wink,50,2019-08-01T00:00:00.000Z,9.99E+11,7.66E+11,9.95E+11,"{'id': 1958, 'name': 'Tron20', 'symbol': 'TRX', 'slug': 'tron', 'token_address': 'TLa2f6VPqDgRE67v1736s7bJ8Ray5wYjU7'}",146,2021-11-14T08:47:03.000Z,0.000710927,183154449.4,-19.7068,-0.31730197,-3.09362235,-2.11141833,26.47893603,33.17472335,-4.89113906,544677081.7,0.0194,710216543.3,2021-11-14T08:47:03.000Z
4269,GateToken,GT,gatetoken,20,2019-08-20T00:00:00.000Z,,76841119.77,300000000,"{'id': 1027, 'name': 'Ethereum', 'symbol': 'ETH', 'slug': 'ethereum', 'token_address': '0xe66747a101bff2dba3697199dcce5b743b454759'}",147,2021-11-14T08:47:04.000Z,7.026374516,11284476.06,-30.7814,-3.40220897,-4.30430036,1.97386214,69.15335373,40.93932682,48.66984163,539914485.7,0.0192,2107912355,2021-11-14T08:47:04.000Z
7232,Alpha Finance Lab,ALPHA,alpha-finance-lab,64,2020-09-29T00:00:00.000Z,1000000000,446330126,1000000000,"{'id': 1839, 'name': 'Binance Smart Chain (BEP20)', 'symbol': 'BNB', 'slug': 'binance-coin', 'token_address': '0xa1faa113cbe53436df28ff0aee54275c13b40975'}",148,2021-11-14T08:47:03.000Z,1.176873749,22221811.51,-60.0573,-1.23828281,0.68623593,-0.38699339,14.26679754,-1.58658876,12.83171483,525274208.9,0.0187,1176873749,2021-11-14T08:47:03.000Z
1455,Golem,GLM,golem-network-tokens,50,2016-11-18T00:00:00.000Z,,1000000000,1000000000,"{'id': 1027, 'name': 'Ethereum', 'symbol': 'ETH', 'slug': 'ethereum', 'token_address': '0x7DD9c5Cba05E151C895FDe1CF355C9A1D5DA6429'}",149,2021-11-14T08:47:06.000Z,0.523390944,8210115.912,-44.2682,-0.08668079,-0.95319881,-7.27426144,-1.80485732,1.86888,20.5086466,523390943.6,0.0186,523390943.7,2021-11-14T08:47:06.000Z
7226,Injective Protocol,INJ,injective-protocol,58,2020-09-29T00:00:00.000Z,100000000,43655553.33,100000000,"{'id': 1027, 'name': 'Ethereum', 'symbol': 'ETH', 'slug': 'ethereum', 'token_address': '0xe28b3b32b6c345a34ff64674606124dd5aceca30'}",150,2021-11-14T08:47:03.000Z,11.87287067,32161412.41,-23.2335,-0.31813868,-2.8465274,-17.87688909,2.36368237,4.44874748,24.07343637,518316738.7,0.0185,1187287067,2021-11-14T08:47:03.000Z
693,Verge,XVG,verge,48,2014-10-25T00:00:00.000Z,16555000000,16485375388,16485375388,,151,2021-11-14T08:47:07.000Z,0.03138933,49662085.91,-58.095,-2.51885022,-3.96059847,32.36306117,28.90950274,31.0850354,-10.37077983,517464885,0.0184,519650354.9,2021-11-14T08:47:07.000Z
3978,Chromia,CHR,chromia,51,2019-05-28T00:00:00.000Z,1000000000,429822500,471970667.5,"{'id': 1027, 'name': 'Ethereum', 'symbol': 'ETH', 'slug': 'ethereum', 'token_address': '0x8a2279d4a90b6fe1c4b30fa660cc9f926797baa2'}",152,2021-11-14T08:46:09.000Z,1.183879211,301458479.3,-44.5688,-0.90360912,-3.2329665,34.33087457,270.3602464,261.2684467,186.5613167,508857922.3,0.0181,1183879211,2021-11-14T08:46:09.000Z
6951,Reef,REEF,reef,69,2020-09-08T00:00:00.000Z,,15973552172,15934019762,,153,2021-11-14T08:47:08.000Z,0.031243587,57251502.54,-4.0123,-0.45403877,0.272299,-10.29175247,35.58767795,30.06577326,38.01862332,499071074.3,0.0178,497835940,2021-11-14T08:47:08.000Z
2856,CEEK VR,CEEK,ceek-vr,21,2018-06-11T00:00:00.000Z,,737545460.2,1000000000,"{'id': 1027, 'name': 'Ethereum', 'symbol': 'ETH', 'slug': 'ethereum', 'token_address': '0xb056c38f6b7dc4064367403e26424cd2c60655e1'}",154,2021-11-14T08:46:09.000Z,0.674751348,27610429.77,11.5215,1.7513937,15.42029933,168.1465981,5032.787579,4372.35163,12122.88421,497659793.6,0.0177,674751348.1,2021-11-14T08:46:09.000Z
2496,Polymath,POLY,polymath-network,35,2018-02-02T00:00:00.000Z,,761698803,1000000000,"{'id': 1027, 'name': 'Ethereum', 'symbol': 'ETH', 'slug': 'ethereum', 'token_address': '0x9992ec3cf6a55b00978cddf2b27bc6882d88d1ec'}",155,2021-11-14T08:47:06.000Z,0.651581606,12342320.24,2.659,-0.18881397,0.43332782,-4.08510112,-6.77050799,-6.77064628,107.3348703,496308929.1,0.0177,651581605.7,2021-11-14T08:47:06.000Z
4279,Swipe,SXP,swipe,109,2019-08-26T00:00:00.000Z,239612084,192768788.6,285368788.7,"{'id': 1027, 'name': 'Ethereum', 'symbol': 'ETH', 'slug': 'ethereum', 'token_address': '0x8ce9137d39326ad0cd6491fb5cc0cba0e089b6a9'}",156,2021-11-14T08:47:04.000Z,2.535201657,203260186,74.4737,-1.14646565,2.07496856,5.7161653,9.0262795,-10.59130459,-28.00748,488707752.2,0.0174,607464952.3,2021-11-14T08:47:04.000Z
5161,WazirX,WRX,wazirx,56,2020-02-06T00:00:00.000Z,,317846918,972280002,"{'id': 1839, 'name': 'Binance Chain (BEP2)', 'symbol': 'BNB', 'slug': 'binance-coin', 'token_address': 'WRX-ED1'}",157,2021-11-14T08:47:03.000Z,1.520726074,41185526.99,-5.8648,-1.00776606,-0.51321262,-1.28162974,24.26340011,27.68408306,0.08823579,483358095.9,0.0172,1478571551,2021-11-14T08:47:03.000Z
3884,Function X,FX,function-x,16,2019-04-25T00:00:00.000Z,1893022625,408520357,408520357,"{'id': 1027, 'name': 'Ethereum', 'symbol': 'ETH', 'slug': 'ethereum', 'token_address': '0x8c15ef5b4b21951d50e53e4fbda8298ffad25057'}",158,2021-11-14T08:46:09.000Z,1.172200735,2095932.378,-54.8353,0.2882929,-0.60481121,-3.18330902,1.65785615,62.86991711,150.8363323,478867862.6,0.017,2219002512,2021-11-14T08:46:09.000Z
5026,Orchid,OXT,orchid,61,2019-12-16T00:00:00.000Z,,690690083.8,1000000000,"{'id': 1027, 'name': 'Ethereum', 'symbol': 'ETH', 'slug': 'ethereum', 'token_address': '0x4575f41308EC1483f3d399aa9a2826d74Da13Deb'}",159,2021-11-14T08:46:10.000Z,0.692176583,302739815.1,185.0446,2.16546396,14.14478478,37.89791201,70.63606812,84.64668041,73.29046534,478079502.3,0.017,692176583.3,2021-11-14T08:46:10.000Z
2780,NKN,NKN,nkn,34,2018-05-28T00:00:00.000Z,1000000000,700000000,700000000,,160,2021-11-14T08:47:08.000Z,0.662984947,46703620.68,-52.5752,-0.30862004,-4.31949628,24.23719974,82.20545652,65.20132786,59.14988347,464089462.6,0.0165,662984946.5,2021-11-14T08:47:08.000Z
1214,Lisk,LSK,lisk,56,2016-04-06T00:00:00.000Z,,128900444.5,144818773,,161,2021-11-14T08:47:04.000Z,3.517982912,15124783.09,-76.6302,-0.34162326,-2.02389321,1.56901735,5.76460747,-1.34653531,-25.58940961,453469561.2,0.0161,509469968.8,2021-11-14T08:47:04.000Z
3992,COTI,COTI,coti,52,2019-06-04T00:00:00.000Z,2000000000,868672118,2000000000,,162,2021-11-14T08:46:10.000Z,0.521398943,70064699.81,40.3187,-0.29191588,4.63991974,-5.05834153,1.90352,63.93782775,127.9882877,452924723.7,0.0161,1042797885,2021-11-14T08:46:10.000Z
1732,Numeraire,NMR,numeraire,51,2017-06-23T00:00:00.000Z,11000000,10197289.72,10970820.91,"{'id': 1027, 'name': 'Ethereum', 'symbol': 'ETH', 'slug': 'ethereum', 'token_address': '0x1776e1F26f98b1A5dF9cD347953a26dd3Cb46671'}",163,2021-11-14T08:47:08.000Z,44.12047044,15227459.1,-17.7239,-0.05363182,1.49509744,-2.19209856,3.59670286,-0.85717233,3.86265106,449909219.5,0.016,485325174.9,2021-11-14T08:47:08.000Z
8642,Fei USD,FEI,fei-usd,20,2021-03-02T00:00:00.000Z,,424996177.8,426116732.7,"{'id': 1027, 'name': 'Ethereum', 'symbol': 'ETH', 'slug': 'ethereum', 'token_address': '0x956F47F50A910163D8BF957Cf5846D573E7f87CA'}",164,2021-11-14T08:47:06.000Z,0.999446197,18080925.7,11.754,0.44858708,-0.24353832,0.23307882,0.7427021,-0.48997463,-0.58436728,424760813.6,0.0151,425880748,2021-11-14T08:47:06.000Z
7064,BakeryToken,BAKE,bakerytoken,52,2020-09-15T00:00:00.000Z,,193529487.4,289770790.8,"{'id': 1839, 'name': 'Binance Smart Chain (BEP20)', 'symbol': 'BNB', 'slug': 'binance-coin', 'token_address': '0xE02dF9e3e622DeBdD69fb838bB799E3F168902c5'}",165,2021-11-14T08:46:10.000Z,2.180575757,78494192.67,18.9753,-0.91463102,5.83774118,3.19455775,5.78104942,1.40694961,-20.13414006,422005708.5,0.015,631867161.7,2021-11-14T08:46:10.000Z
8891,Bitcoin Standard Hashrate Token,BTCST,btc-standard-hashrate-token,17,2021-03-19T00:00:00.000Z,15000000,11421012.85,15000000,"{'id': 1839, 'name': 'Binance Smart Chain (BEP20)', 'symbol': 'BNB', 'slug': 'binance-coin', 'token_address': '0x78650b139471520656b9e7aa7a5e9276814a38e9'}",166,2021-11-14T08:47:08.000Z,36.85493093,14610656.82,-17.0539,-1.23371563,-1.47442224,1.4899938,-19.91059125,93.77257248,44.37290705,420920639.9,0.015,552823964,2021-11-14T08:47:08.000Z
3012,VeThor Token,VTHO,vethor-token,28,2018-07-30T00:00:00.000Z,,42205906581,42205906581,,167,2021-11-14T08:46:10.000Z,0.009967849,28231199.09,49.9411,-0.06676781,-3.13001394,-11.51624459,6.97882533,0.84394249,-31.39268183,420702121.3,0.015,420702121.3,2021-11-14T08:46:10.000Z
5117,Origin Protocol,OGN,origin-protocol,73,2020-01-09T00:00:00.000Z,,351815554.5,1000000000,"{'id': 1027, 'name': 'Ethereum', 'symbol': 'ETH', 'slug': 'ethereum', 'token_address': '0x8207c1ffc5b6804f6024322ccf34f29c3541ae26'}",168,2021-11-14T08:46:11.000Z,1.133919047,52984044.64,-45.9333,-0.87317619,-7.85448132,13.27869039,42.71627344,10.14457903,4.10461739,398930358.4,0.0142,1133919047,2021-11-14T08:46:11.000Z
2222,Bitcoin Diamond,BCD,bitcoin-diamond,25,2017-11-24T00:00:00.000Z,210000000,186492898,189492898,,169,2021-11-14T08:47:04.000Z,2.036524758,3814638.471,-23.6658,-0.39092609,-0.71952276,1.41197629,-10.99583457,-5.67271285,-30.70255552,379797403.9,0.0135,427670199.2,2021-11-14T08:47:04.000Z
4189,Ultra,UOS,ultra,22,2019-07-30T00:00:00.000Z,,282785230.1,1000000000,"{'id': 1027, 'name': 'Ethereum', 'symbol': 'ETH', 'slug': 'ethereum', 'token_address': '0xd13c7342e1ef687c5ad21b27c2b65d772cab5c8c'}",170,2021-11-14T08:47:03.000Z,1.326910623,8613600.874,-52.2832,-2.31124591,-0.47607925,29.77863832,137.9744308,62.49641111,78.83425261,375230725.9,0.0134,1326910623,2021-11-14T08:47:03.000Z
2303,MediBloc,MED,medibloc,7,2017-12-22T00:00:00.000Z,,5382401140,7697598449,,171,2021-11-14T08:47:04.000Z,0.069165881,7781275.788,-32.1956,0.14469951,0.31882982,-3.30519217,3.45268549,-6.06986905,-16.43713116,372278518.9,0.0133,532411181.4,2021-11-14T08:47:04.000Z
1637,iExec RLC,RLC,rlc,53,2017-04-20T00:00:00.000Z,,80070793.24,86999784.99,"{'id': 1027, 'name': 'Ethereum', 'symbol': 'ETH', 'slug': 'ethereum', 'token_address': '0x607f4c5bb672230e8672085532f7e901544a7375'}",172,2021-11-14T08:47:07.000Z,4.445864089,19550653.58,1.2504,-1.8069355,1.96050154,-7.15862083,-5.07670666,7.92605137,3.18900026,355983864.2,0.0127,386789219.8,2021-11-14T08:47:07.000Z
7334,Conflux,CFX,conflux-network,29,2020-11-11T00:00:00.000Z,,1145016238,1145016238,,173,2021-11-14T08:47:04.000Z,0.308325851,11485256.96,-31.599,0.2170223,-0.05342398,-8.14792133,-3.76492601,17.34039122,-13.67102011,353038106.1,0.0126,353038106.1,2021-11-14T08:47:04.000Z
7859,Badger DAO,BADGER,badger-dao,55,2020-12-04T00:00:00.000Z,21000000,10285848.6,21000000,"{'id': 1027, 'name': 'Ethereum', 'symbol': 'ETH', 'slug': 'ethereum', 'token_address': '0x3472a5a71965499acd81997a54bba8d852c6e53d'}",174,2021-11-14T08:47:08.000Z,33.74318597,40196435.78,138.6125,0.10551871,8.15295126,4.97305021,5.31257051,62.29810055,26.28322683,347077302.1,0.0124,708606905.4,2021-11-14T08:47:08.000Z
3801,BORA,BORA,bora,4,2019-03-18T00:00:00.000Z,,888428413.8,1205750000,"{'id': 4256, 'name': 'Klaytn', 'symbol': 'KLAY', 'slug': 'klaytn', 'token_address': '0x02cbe46fb8a1f579254a9b485788f2d86cad51aa'}",175,2021-11-14T08:47:08.000Z,0.389175885,136214028.3,56.2333,0.82604909,4.40047028,10.79752299,116.0631453,103.0500249,78.95661559,345754914.5,0.0123,469248823.7,2021-11-14T08:47:08.000Z
3673,ASD,ASD,bitmax-token,7,2019-01-08T00:00:00.000Z,,660615274,780615274,"{'id': 1027, 'name': 'Ethereum', 'symbol': 'ETH', 'slug': 'ethereum', 'token_address': '0xff742d05420b6aca4481f635ad8341f81a6300c2'}",176,2021-11-14T08:47:07.000Z,0.507180161,2012018.574,-13.1066,-0.1085712,-3.66122234,-16.65339843,21.94149833,-0.49643578,12.5850562,335050961,0.0119,395912580.4,2021-11-14T08:47:07.000Z
7653,Oasis Network,ROSE,oasis-network,29,2020-11-12T00:00:00.000Z,10000000000,1500000000,10000000000,,177,2021-11-14T08:47:06.000Z,0.222739169,49758567.53,-50.8982,-1.82456115,-6.45861928,15.57853046,9.60143955,-6.97749285,115.3948189,334108753.6,0.0119,2227391690,2021-11-14T08:47:06.000Z
7535,Keep3rV1,KP3R,keep3rv1,30,2020-10-28T00:00:00.000Z,201643,200001,200001,"{'id': 1027, 'name': 'Ethereum', 'symbol': 'ETH', 'slug': 'ethereum', 'token_address': '0x1ceb5cb57c4d4e2b2433641b95dd330a33185a44'}",178,2021-11-14T08:47:05.000Z,1655.324997,369036218.8,-45.4582,-2.03349123,-15.74365947,400.4336539,405.2615218,275.2538434,1014.500796,331066654.8,0.0118,333784698.5,2021-11-14T08:47:05.000Z
8766,MyNeighborAlice,ALICE,myneighboralice,65,2021-03-10T00:00:00.000Z,100000000,23000000,100000000,"{'id': 1027, 'name': 'Ethereum', 'symbol': 'ETH', 'slug': 'ethereum', 'token_address': '0xAC51066d7bEC65Dc4589368da368b212745d63E8'}",179,2021-11-14T08:47:07.000Z,14.27602446,132632911.3,-36.3333,-0.60401489,-2.56948039,-0.04149823,20.72042745,12.52270858,1.74322516,328348562.5,0.0117,1427602446,2021-11-14T08:47:07.000Z
5350,Proton,XPR,proton,11,2020-04-06T00:00:00.000Z,,8419963390,12280407329,"{'id': 1027, 'name': 'Ethereum', 'symbol': 'ETH', 'slug': 'ethereum', 'token_address': '0xd7efb00d12c2c13131fd319336fdf952525da2af'}",180,2021-11-14T08:47:04.000Z,0.03881439,18543336.48,-51.6893,-1.72064865,0.06856867,12.47640107,41.34824354,390.4946708,652.0386426,326815743,0.0116,476656519.7,2021-11-14T08:47:04.000Z
4705,PAX Gold,PAXG,pax-gold,48,2019-09-26T00:00:00.000Z,,173619.937,173619.937,"{'id': 1027, 'name': 'Ethereum', 'symbol': 'ETH', 'slug': 'ethereum', 'token_address': '0x45804880de22913dafe09f4980848ece6ecbaf78'}",181,2021-11-14T08:47:08.000Z,1872.763405,11249580.28,-28.7646,0.02286658,-0.06296332,2.85927893,4.42671439,3.75837492,5.26906287,325149064.3,0.0116,325149064.3,2021-11-14T08:47:08.000Z
5370,Hive,HIVE,hive-blockchain,31,2020-03-26T00:00:00.000Z,,395510864.3,395510864.3,,182,2021-11-14T08:47:05.000Z,0.820274854,17467076.13,72.0858,-0.53119585,0.90981737,0.36259659,6.02590143,9.77253289,68.48851679,324427616.6,0.0115,324427616.6,2021-11-14T08:47:05.000Z
1759,Status,SNT,status,69,2017-06-28T00:00:00.000Z,,3470483788,6804870174,"{'id': 1027, 'name': 'Ethereum', 'symbol': 'ETH', 'slug': 'ethereum', 'token_address': '0x744d70fdbe2ba4cf95131626614a1763df805b9e'}",183,2021-11-14T08:47:08.000Z,0.093302166,9133685.734,-28.294,-0.22665687,0.27656149,-1.5776983,4.76659468,-1.48418056,-10.5479399,323803655.1,0.0115,634909127.8,2021-11-14T08:47:08.000Z
1320,Ardor,ARDR,ardor,23,2016-07-23T00:00:00.000Z,998999495,998999495,998999495,,184,2021-11-14T08:47:05.000Z,0.32057228,8355433.827,-16.6218,0.24222429,0.24514805,-5.80133351,-1.03147315,-5.58776621,13.77047366,320251545.4,0.0114,320251545.4,2021-11-14T08:47:05.000Z
1816,Civic,CVC,civic,66,2017-07-17T00:00:00.000Z,,670000000,1000000000,"{'id': 1027, 'name': 'Ethereum', 'symbol': 'ETH', 'slug': 'ethereum', 'token_address': '0x41e5560054824ea6b0732e656e3ad64e20e94e45'}",185,2021-11-14T08:46:09.000Z,0.471086225,26511873.72,-31.3729,0.08703601,1.00438886,-4.23583003,-0.6036276,-6.79431441,34.15365915,315627770.5,0.0112,471086224.6,2021-11-14T08:46:09.000Z
2758,Unibright,UBT,unibright,19,2018-05-21T00:00:00.000Z,150000000,149999999.2,150000000,"{'id': 1027, 'name': 'Ethereum', 'symbol': 'ETH', 'slug': 'ethereum', 'token_address': '0x8400d94a5cb0fa0d041a3788e395285d61c9ee5e'}",186,2021-11-14T08:47:08.000Z,2.081444359,659506.3005,-10.3356,-3.06587417,-5.19655512,-1.71876076,-3.7431045,-35.46489839,-2.287945,312216652.3,0.0111,312216653.8,2021-11-14T08:47:08.000Z
3217,Ontology Gas,ONG,ontology-gas,43,2018-08-23T00:00:00.000Z,1000000000,265097550.3,1000000000,,187,2021-11-14T08:47:03.000Z,1.174871188,8098630.019,-13.6597,-0.16504993,0.82459815,-3.48816373,2.16011694,5.17282056,25.74596887,311455473.8,0.0111,1174871188,2021-11-14T08:47:03.000Z
4679,Band Protocol,BAND,band-protocol,131,2019-09-18T00:00:00.000Z,,35191821,100000000,"{'id': 1027, 'name': 'Ethereum', 'symbol': 'ETH', 'slug': 'ethereum', 'token_address': '0xba11d00c5f74255f56a5e366f4f77f5a186d7f55'}",188,2021-11-14T08:47:07.000Z,8.802831978,44867329.47,17.746,-0.89932786,2.42374097,-4.92858424,12.23081219,-9.93907562,1.58175797,309787687.3,0.011,880283197.8,2021-11-14T08:47:07.000Z
5899,Casper,CSPR,casper,24,2020-07-21T00:00:00.000Z,,2521847719,10472846751,,189,2021-11-14T08:46:09.000Z,0.121108524,18315909.05,-21.9339,-1.21658945,1.97962104,3.43516314,6.00975269,-6.42913995,-5.85715107,305417254.3,0.0109,1268351009,2021-11-14T08:46:09.000Z
4120,Prometeus,PROM,prometeus,19,2019-07-17T00:00:00.000Z,,16450000,19250000,"{'id': 1027, 'name': 'Ethereum', 'symbol': 'ETH', 'slug': 'ethereum', 'token_address': '0xfc82bb4ba86045af6f327323a46e80412b91b27d'}",190,2021-11-14T08:47:02.000Z,18.38023618,9811727.669,-19.3328,1.01439063,1.3075762,-2.52560757,1.50214564,-1.50215895,-8.71985388,302354885.2,0.0108,353819546.5,2021-11-14T08:47:02.000Z
1762,Ergo,ERG,ergo,17,2017-06-29T00:00:00.000Z,97739924,32012428,35316150,,191,2021-11-14T08:47:08.000Z,9.433353517,2491096.787,10.0919,0.1162778,0.29020952,2.46147192,-5.40062695,-45.14220376,-21.76865166,301984550.3,0.0108,922015255.8,2021-11-14T08:47:08.000Z
2297,StormX,STMX,stormx,31,2017-12-20T00:00:00.000Z,10000000000,10000000000,10000000000,"{'id': 1027, 'name': 'Ethereum', 'symbol': 'ETH', 'slug': 'ethereum', 'token_address': '0xbE9375C6a420D2eEB258962efB95551A5b722803'}",192,2021-11-14T08:47:04.000Z,0.030012254,12095877.97,-25.2796,-0.6080006,0.38778115,-9.09857922,-2.40035607,-10.9147017,-0.7943116,300122535.4,0.0107,300122535.4,2021-11-14T08:47:04.000Z
5268,Energy Web Token,EWT,energy-web-token,18,2020-03-28T00:00:00.000Z,100000000,30062138,48638535.44,,193,2021-11-14T08:47:04.000Z,9.875886732,2108667.045,9.5686,-0.16905748,3.45085062,-1.27116205,-15.50226782,-7.00123631,-4.60136549,296890269.8,0.0106,987588673.2,2021-11-14T08:47:04.000Z
2424,SingularityNET,AGIX,singularitynet,11,2018-01-18T00:00:00.000Z,1000000000,1000000000,1000000000,"{'id': 1027, 'name': 'Ethereum', 'symbol': 'ETH', 'slug': 'ethereum', 'token_address': '0x5B7533812759B45C2B44C19e320ba2cD2681b542'}",194,2021-11-14T08:47:05.000Z,0.29628713,6560745.104,-13.2695,-0.7436606,-2.0311101,-9.52975507,-13.67153046,-33.58590448,1.62893522,296287129.6,0.0105,296287129.6,2021-11-14T08:47:05.000Z
2868,Constellation,DAG,constellation,8,2018-06-20T00:00:00.000Z,3693588685,1266911931,3711998690,,195,2021-11-14T08:46:09.000Z,0.233092598,3002150.235,18.4522,-0.23583281,2.70929191,-0.85049099,16.53483566,-26.25218811,-14.9537237,295307793.1,0.0105,860948181.5,2021-11-14T08:46:09.000Z
2299,aelf,ELF,aelf,59,2017-12-21T00:00:00.000Z,1000000000,544480200,880000000,"{'id': 1027, 'name': 'Ethereum', 'symbol': 'ETH', 'slug': 'ethereum', 'token_address': '0xbf2179859fc6D5BEE9Bf9158632Dc51678a4100e'}",196,2021-11-14T08:47:04.000Z,0.540486762,11770159.49,-35.5798,-0.12310044,0.1205151,-6.44508107,-11.04101982,-27.95039449,81.97160068,294284340,0.0105,540486761.6,2021-11-14T08:47:04.000Z
3816,Verasity,VRA,verasity,32,2019-04-03T00:00:00.000Z,10356466695,4470185346,19400882350,"{'id': 1027, 'name': 'Ethereum', 'symbol': 'ETH', 'slug': 'ethereum', 'token_address': '0xf411903cbc70a74d22900a5de66a2dda66507255'}",197,2021-11-14T08:46:09.000Z,0.065608714,76799515.94,12.2792,-0.83810173,7.45699544,-10.89268468,22.57558279,78.63234095,204.8990588,293283112.6,0.0104,679474463.1,2021-11-14T08:46:09.000Z
7288,Venus,XVS,venus,54,2020-10-05T00:00:00.000Z,29960733,11477156,29960733,"{'id': 1839, 'name': 'Binance Smart Chain (BEP20)', 'symbol': 'BNB', 'slug': 'binance-coin', 'token_address': '0xcf6bb5389c92bdda8a3747ddb454cb7a64626c63'}",198,2021-11-14T08:47:03.000Z,24.68896259,14557934.32,-45.1578,-0.15149811,0.16056229,-8.88486757,-11.98180712,-28.55520575,-34.61337406,283359075.2,0.0101,739699416.3,2021-11-14T08:47:03.000Z
3835,Orbs,ORBS,orbs,25,2019-04-03T00:00:00.000Z,,2229950518,10000000000,"{'id': 1027, 'name': 'Ethereum', 'symbol': 'ETH', 'slug': 'ethereum', 'token_address': '0xff56cc6b1e6ded347aa0b7676c85ab0b3d08b0fa'}",199,2021-11-14T08:46:08.000Z,0.124955233,7308681.23,-40.2465,-0.56246341,-0.90156644,-0.73997287,3.54248851,-12.5095501,25.44942194,278643987.5,0.0099,1249552334,2021-11-14T08:46:08.000Z
1343,Stratis,STRAX,stratis,21,2016-08-12T00:00:00.000Z,,130775715.4,130775715.4,,200,2021-11-14T08:47:05.000Z,2.075870141,6244251.783,-53.1684,0.11779079,-0.97114634,-2.11460178,-1.6359757,-18.85832029,-9.80850956,271473402.8,0.0097,271473402.8,2021-11-14T08:47:05.000Z
